Sample in Buffer,Sample in Window,TRIGGER,dbg_sample[31:0],dbg_expected[31:0],dbg_pred[31:0],dbg_cycles[31:0],dbg_correct[31:0],dbg_pulse,custom_funct3[2:0]
Radix - UNSIGNED,UNSIGNED,UNSIGNED,UNSIGNED,UNSIGNED,UNSIGNED,UNSIGNED,UNSIGNED,HEX,HEX
0,0,0,167,0,0,655,168,0,2
1,1,0,167,0,0,655,168,0,2
2,2,0,167,0,0,655,168,0,2
3,3,0,167,0,0,655,168,0,0
4,4,0,167,0,0,655,168,0,0
5,5,0,167,0,0,655,168,0,0
6,6,0,167,0,0,655,168,0,2
7,7,0,167,0,0,655,168,0,2
8,8,0,167,0,0,655,168,0,2
9,9,0,167,0,0,655,168,0,7
10,10,0,167,0,0,655,168,0,7
11,11,0,167,0,0,655,168,0,7
12,12,0,167,0,0,655,168,0,2
13,13,0,167,0,0,655,168,0,2
14,14,0,167,0,0,655,168,0,2
15,15,0,167,0,0,655,168,0,2
16,16,0,167,0,0,655,168,0,7
17,17,0,167,0,0,655,168,0,7
18,18,0,167,0,0,655,168,0,7
19,19,0,167,0,0,655,168,0,2
20,20,0,167,0,0,655,168,0,2
21,21,0,167,0,0,655,168,0,2
22,22,0,167,0,0,655,168,0,2
23,23,0,167,0,0,655,168,0,0
24,24,0,167,0,0,655,168,0,0
25,25,0,167,0,0,655,168,0,0
26,26,0,167,0,0,655,168,0,2
27,27,0,167,0,0,655,168,0,2
28,28,0,167,0,0,655,168,0,2
29,29,0,167,0,0,655,168,0,7
30,30,0,167,0,0,655,168,0,7
31,31,0,167,0,0,655,168,0,7
32,32,0,167,0,0,655,168,0,2
33,33,0,167,0,0,655,168,0,2
34,34,0,167,0,0,655,168,0,2
35,35,0,167,0,0,655,168,0,2
36,36,0,167,0,0,655,168,0,7
37,37,0,167,0,0,655,168,0,7
38,38,0,167,0,0,655,168,0,7
39,39,0,167,0,0,655,168,0,2
40,40,0,167,0,0,655,168,0,2
41,41,0,167,0,0,655,168,0,2
42,42,0,167,0,0,655,168,0,2
43,43,0,167,0,0,655,168,0,0
44,44,0,167,0,0,655,168,0,0
45,45,0,167,0,0,655,168,0,0
46,46,0,167,0,0,655,168,0,2
47,47,0,167,0,0,655,168,0,2
48,48,0,167,0,0,655,168,0,2
49,49,0,167,0,0,655,168,0,7
50,50,0,167,0,0,655,168,0,7
51,51,0,167,0,0,655,168,0,7
52,52,0,167,0,0,655,168,0,2
53,53,0,167,0,0,655,168,0,2
54,54,0,167,0,0,655,168,0,2
55,55,0,167,0,0,655,168,0,2
56,56,0,167,0,0,655,168,0,7
57,57,0,167,0,0,655,168,0,7
58,58,0,167,0,0,655,168,0,7
59,59,0,167,0,0,655,168,0,2
60,60,0,167,0,0,655,168,0,2
61,61,0,167,0,0,655,168,0,2
62,62,0,167,0,0,655,168,0,2
63,63,0,167,0,0,655,168,0,0
64,64,0,167,0,0,655,168,0,0
65,65,0,167,0,0,655,168,0,0
66,66,0,167,0,0,655,168,0,2
67,67,0,167,0,0,655,168,0,2
68,68,0,167,0,0,655,168,0,2
69,69,0,167,0,0,655,168,0,7
70,70,0,167,0,0,655,168,0,7
71,71,0,167,0,0,655,168,0,7
72,72,0,167,0,0,655,168,0,2
73,73,0,167,0,0,655,168,0,2
74,74,0,167,0,0,655,168,0,2
75,75,0,167,0,0,655,168,0,2
76,76,0,167,0,0,655,168,0,7
77,77,0,167,0,0,655,168,0,7
78,78,0,167,0,0,655,168,0,7
79,79,0,167,0,0,655,168,0,2
80,80,0,167,0,0,655,168,0,2
81,81,0,167,0,0,655,168,0,2
82,82,0,167,0,0,655,168,0,2
83,83,0,167,0,0,655,168,0,0
84,84,0,167,0,0,655,168,0,0
85,85,0,167,0,0,655,168,0,0
86,86,0,167,0,0,655,168,0,2
87,87,0,167,0,0,655,168,0,2
88,88,0,167,0,0,655,168,0,2
89,89,0,167,0,0,655,168,0,7
90,90,0,167,0,0,655,168,0,7
91,91,0,167,0,0,655,168,0,7
92,92,0,167,0,0,655,168,0,2
93,93,0,167,0,0,655,168,0,2
94,94,0,167,0,0,655,168,0,2
95,95,0,167,0,0,655,168,0,2
96,96,0,167,0,0,655,168,0,7
97,97,0,167,0,0,655,168,0,7
98,98,0,167,0,0,655,168,0,7
99,99,0,167,0,0,655,168,0,2
100,100,0,167,0,0,655,168,0,2
101,101,0,167,0,0,655,168,0,2
102,102,0,167,0,0,655,168,0,2
103,103,0,167,0,0,655,168,0,0
104,104,0,167,0,0,655,168,0,0
105,105,0,167,0,0,655,168,0,0
106,106,0,167,0,0,655,168,0,2
107,107,0,167,0,0,655,168,0,2
108,108,0,167,0,0,655,168,0,2
109,109,0,167,0,0,655,168,0,7
110,110,0,167,0,0,655,168,0,7
111,111,0,167,0,0,655,168,0,7
112,112,0,167,0,0,655,168,0,2
113,113,0,167,0,0,655,168,0,2
114,114,0,167,0,0,655,168,0,2
115,115,0,167,0,0,655,168,0,2
116,116,0,167,0,0,655,168,0,7
117,117,0,167,0,0,655,168,0,7
118,118,0,167,0,0,655,168,0,7
119,119,0,167,0,0,655,168,0,2
120,120,0,167,0,0,655,168,0,2
121,121,0,167,0,0,655,168,0,2
122,122,0,167,0,0,655,168,0,2
123,123,0,167,0,0,655,168,0,0
124,124,0,167,0,0,655,168,0,0
125,125,0,167,0,0,655,168,0,0
126,126,0,167,0,0,655,168,0,2
127,127,0,167,0,0,655,168,0,2
128,128,0,167,0,0,655,168,0,2
129,129,0,167,0,0,655,168,0,7
130,130,0,167,0,0,655,168,0,7
131,131,0,167,0,0,655,168,0,7
132,132,0,167,0,0,655,168,0,2
133,133,0,167,0,0,655,168,0,2
134,134,0,167,0,0,655,168,0,2
135,135,0,167,0,0,655,168,0,2
136,136,0,167,0,0,655,168,0,7
137,137,0,167,0,0,655,168,0,7
138,138,0,167,0,0,655,168,0,7
139,139,0,167,0,0,655,168,0,2
140,140,0,167,0,0,655,168,0,2
141,141,0,167,0,0,655,168,0,2
142,142,0,167,0,0,655,168,0,2
143,143,0,167,0,0,655,168,0,0
144,144,0,167,0,0,655,168,0,0
145,145,0,167,0,0,655,168,0,0
146,146,0,167,0,0,655,168,0,2
147,147,0,167,0,0,655,168,0,2
148,148,0,167,0,0,655,168,0,2
149,149,0,167,0,0,655,168,0,7
150,150,0,167,0,0,655,168,0,7
151,151,0,167,0,0,655,168,0,7
152,152,0,167,0,0,655,168,0,2
153,153,0,167,0,0,655,168,0,2
154,154,0,167,0,0,655,168,0,2
155,155,0,167,0,0,655,168,0,2
156,156,0,167,0,0,655,168,0,7
157,157,0,167,0,0,655,168,0,7
158,158,0,167,0,0,655,168,0,7
159,159,0,167,0,0,655,168,0,2
160,160,0,167,0,0,655,168,0,2
161,161,0,167,0,0,655,168,0,2
162,162,0,167,0,0,655,168,0,2
163,163,0,167,0,0,655,168,0,0
164,164,0,167,0,0,655,168,0,0
165,165,0,167,0,0,655,168,0,0
166,166,0,167,0,0,655,168,0,2
167,167,0,167,0,0,655,168,0,2
168,168,0,167,0,0,655,168,0,2
169,169,0,167,0,0,655,168,0,7
170,170,0,167,0,0,655,168,0,7
171,171,0,167,0,0,655,168,0,7
172,172,0,167,0,0,655,168,0,2
173,173,0,167,0,0,655,168,0,2
174,174,0,167,0,0,655,168,0,2
175,175,0,167,0,0,655,168,0,2
176,176,0,167,0,0,655,168,0,7
177,177,0,167,0,0,655,168,0,7
178,178,0,167,0,0,655,168,0,7
179,179,0,167,0,0,655,168,0,2
180,180,0,167,0,0,655,168,0,2
181,181,0,167,0,0,655,168,0,2
182,182,0,167,0,0,655,168,0,2
183,183,0,167,0,0,655,168,0,0
184,184,0,167,0,0,655,168,0,0
185,185,0,167,0,0,655,168,0,0
186,186,0,167,0,0,655,168,0,2
187,187,0,167,0,0,655,168,0,2
188,188,0,167,0,0,655,168,0,2
189,189,0,167,0,0,655,168,0,7
190,190,0,167,0,0,655,168,0,7
191,191,0,167,0,0,655,168,0,7
192,192,0,167,0,0,655,168,0,2
193,193,0,167,0,0,655,168,0,2
194,194,0,167,0,0,655,168,0,2
195,195,0,167,0,0,655,168,0,2
196,196,0,167,0,0,655,168,0,7
197,197,0,167,0,0,655,168,0,7
198,198,0,167,0,0,655,168,0,7
199,199,0,167,0,0,655,168,0,2
200,200,0,167,0,0,655,168,0,2
201,201,0,167,0,0,655,168,0,2
202,202,0,167,0,0,655,168,0,2
203,203,0,167,0,0,655,168,0,0
204,204,0,167,0,0,655,168,0,0
205,205,0,167,0,0,655,168,0,0
206,206,0,167,0,0,655,168,0,2
207,207,0,167,0,0,655,168,0,2
208,208,0,167,0,0,655,168,0,2
209,209,0,167,0,0,655,168,0,7
210,210,0,167,0,0,655,168,0,7
211,211,0,167,0,0,655,168,0,7
212,212,0,167,0,0,655,168,0,2
213,213,0,167,0,0,655,168,0,2
214,214,0,167,0,0,655,168,0,2
215,215,0,167,0,0,655,168,0,2
216,216,0,167,0,0,655,168,0,7
217,217,0,167,0,0,655,168,0,7
218,218,0,167,0,0,655,168,0,7
219,219,0,167,0,0,655,168,0,2
220,220,0,167,0,0,655,168,0,2
221,221,0,167,0,0,655,168,0,2
222,222,0,167,0,0,655,168,0,2
223,223,0,167,0,0,655,168,0,0
224,224,0,167,0,0,655,168,0,0
225,225,0,167,0,0,655,168,0,0
226,226,0,167,0,0,655,168,0,2
227,227,0,167,0,0,655,168,0,2
228,228,0,167,0,0,655,168,0,2
229,229,0,167,0,0,655,168,0,7
230,230,0,167,0,0,655,168,0,7
231,231,0,167,0,0,655,168,0,7
232,232,0,167,0,0,655,168,0,2
233,233,0,167,0,0,655,168,0,2
234,234,0,167,0,0,655,168,0,2
235,235,0,167,0,0,655,168,0,2
236,236,0,167,0,0,655,168,0,7
237,237,0,167,0,0,655,168,0,7
238,238,0,167,0,0,655,168,0,7
239,239,0,167,0,0,655,168,0,2
240,240,0,167,0,0,655,168,0,2
241,241,0,167,0,0,655,168,0,2
242,242,0,167,0,0,655,168,0,2
243,243,0,167,0,0,655,168,0,0
244,244,0,167,0,0,655,168,0,0
245,245,0,167,0,0,655,168,0,0
246,246,0,167,0,0,655,168,0,2
247,247,0,167,0,0,655,168,0,2
248,248,0,167,0,0,655,168,0,2
249,249,0,167,0,0,655,168,0,7
250,250,0,167,0,0,655,168,0,7
251,251,0,167,0,0,655,168,0,7
252,252,0,167,0,0,655,168,0,2
253,253,0,167,0,0,655,168,0,2
254,254,0,167,0,0,655,168,0,2
255,255,0,167,0,0,655,168,0,2
256,256,0,167,0,0,655,168,0,7
257,257,0,167,0,0,655,168,0,7
258,258,0,167,0,0,655,168,0,7
259,259,0,167,0,0,655,168,0,2
260,260,0,167,0,0,655,168,0,2
261,261,0,167,0,0,655,168,0,2
262,262,0,167,0,0,655,168,0,2
263,263,0,167,0,0,655,168,0,0
264,264,0,167,0,0,655,168,0,0
265,265,0,167,0,0,655,168,0,0
266,266,0,167,0,0,655,168,0,2
267,267,0,167,0,0,655,168,0,2
268,268,0,167,0,0,655,168,0,2
269,269,0,167,0,0,655,168,0,7
270,270,0,167,0,0,655,168,0,7
271,271,0,167,0,0,655,168,0,7
272,272,0,167,0,0,655,168,0,2
273,273,0,167,0,0,655,168,0,2
274,274,0,167,0,0,655,168,0,2
275,275,0,167,0,0,655,168,0,2
276,276,0,167,0,0,655,168,0,7
277,277,0,167,0,0,655,168,0,7
278,278,0,167,0,0,655,168,0,7
279,279,0,167,0,0,655,168,0,2
280,280,0,167,0,0,655,168,0,2
281,281,0,167,0,0,655,168,0,2
282,282,0,167,0,0,655,168,0,2
283,283,0,167,0,0,655,168,0,0
284,284,0,167,0,0,655,168,0,0
285,285,0,167,0,0,655,168,0,0
286,286,0,167,0,0,655,168,0,2
287,287,0,167,0,0,655,168,0,2
288,288,0,167,0,0,655,168,0,2
289,289,0,167,0,0,655,168,0,7
290,290,0,167,0,0,655,168,0,7
291,291,0,167,0,0,655,168,0,7
292,292,0,167,0,0,655,168,0,2
293,293,0,167,0,0,655,168,0,2
294,294,0,167,0,0,655,168,0,2
295,295,0,167,0,0,655,168,0,2
296,296,0,167,0,0,655,168,0,7
297,297,0,167,0,0,655,168,0,7
298,298,0,167,0,0,655,168,0,7
299,299,0,167,0,0,655,168,0,2
300,300,0,167,0,0,655,168,0,2
301,301,0,167,0,0,655,168,0,2
302,302,0,167,0,0,655,168,0,2
303,303,0,167,0,0,655,168,0,0
304,304,0,167,0,0,655,168,0,0
305,305,0,167,0,0,655,168,0,0
306,306,0,167,0,0,655,168,0,2
307,307,0,167,0,0,655,168,0,2
308,308,0,167,0,0,655,168,0,2
309,309,0,167,0,0,655,168,0,7
310,310,0,167,0,0,655,168,0,7
311,311,0,167,0,0,655,168,0,7
312,312,0,167,0,0,655,168,0,2
313,313,0,167,0,0,655,168,0,2
314,314,0,167,0,0,655,168,0,2
315,315,0,167,0,0,655,168,0,2
316,316,0,167,0,0,655,168,0,7
317,317,0,167,0,0,655,168,0,7
318,318,0,167,0,0,655,168,0,7
319,319,0,167,0,0,655,168,0,2
320,320,0,167,0,0,655,168,0,2
321,321,0,167,0,0,655,168,0,2
322,322,0,167,0,0,655,168,0,2
323,323,0,167,0,0,655,168,0,0
324,324,0,167,0,0,655,168,0,0
325,325,0,167,0,0,655,168,0,0
326,326,0,167,0,0,655,168,0,2
327,327,0,167,0,0,655,168,0,2
328,328,0,167,0,0,655,168,0,2
329,329,0,167,0,0,655,168,0,7
330,330,0,167,0,0,655,168,0,7
331,331,0,167,0,0,655,168,0,7
332,332,0,167,0,0,655,168,0,2
333,333,0,167,0,0,655,168,0,2
334,334,0,167,0,0,655,168,0,2
335,335,0,167,0,0,655,168,0,2
336,336,0,167,0,0,655,168,0,7
337,337,0,167,0,0,655,168,0,7
338,338,0,167,0,0,655,168,0,7
339,339,0,167,0,0,655,168,0,2
340,340,0,167,0,0,655,168,0,2
341,341,0,167,0,0,655,168,0,2
342,342,0,167,0,0,655,168,0,2
343,343,0,167,0,0,655,168,0,0
344,344,0,167,0,0,655,168,0,0
345,345,0,167,0,0,655,168,0,0
346,346,0,167,0,0,655,168,0,2
347,347,0,167,0,0,655,168,0,2
348,348,0,167,0,0,655,168,0,2
349,349,0,167,0,0,655,168,0,7
350,350,0,167,0,0,655,168,0,7
351,351,0,167,0,0,655,168,0,7
352,352,0,167,0,0,655,168,0,2
353,353,0,167,0,0,655,168,0,2
354,354,0,167,0,0,655,168,0,2
355,355,0,167,0,0,655,168,0,2
356,356,0,167,0,0,655,168,0,7
357,357,0,167,0,0,655,168,0,7
358,358,0,167,0,0,655,168,0,7
359,359,0,167,0,0,655,168,0,2
360,360,0,167,0,0,655,168,0,2
361,361,0,167,0,0,655,168,0,2
362,362,0,167,0,0,655,168,0,2
363,363,0,167,0,0,655,168,0,0
364,364,0,167,0,0,655,168,0,0
365,365,0,167,0,0,655,168,0,0
366,366,0,167,0,0,655,168,0,2
367,367,0,167,0,0,655,168,0,2
368,368,0,167,0,0,655,168,0,2
369,369,0,167,0,0,655,168,0,7
370,370,0,167,0,0,655,168,0,7
371,371,0,167,0,0,655,168,0,7
372,372,0,167,0,0,655,168,0,2
373,373,0,167,0,0,655,168,0,2
374,374,0,167,0,0,655,168,0,2
375,375,0,167,0,0,655,168,0,2
376,376,0,167,0,0,655,168,0,7
377,377,0,167,0,0,655,168,0,7
378,378,0,167,0,0,655,168,0,7
379,379,0,167,0,0,655,168,0,2
380,380,0,167,0,0,655,168,0,2
381,381,0,167,0,0,655,168,0,2
382,382,0,167,0,0,655,168,0,2
383,383,0,167,0,0,655,168,0,0
384,384,0,167,0,0,655,168,0,0
385,385,0,167,0,0,655,168,0,0
386,386,0,167,0,0,655,168,0,2
387,387,0,167,0,0,655,168,0,2
388,388,0,167,0,0,655,168,0,2
389,389,0,167,0,0,655,168,0,7
390,390,0,167,0,0,655,168,0,7
391,391,0,167,0,0,655,168,0,7
392,392,0,167,0,0,655,168,0,2
393,393,0,167,0,0,655,168,0,2
394,394,0,167,0,0,655,168,0,2
395,395,0,167,0,0,655,168,0,2
396,396,0,167,0,0,655,168,0,7
397,397,0,167,0,0,655,168,0,7
398,398,0,167,0,0,655,168,0,7
399,399,0,167,0,0,655,168,0,2
400,400,0,167,0,0,655,168,0,2
401,401,0,167,0,0,655,168,0,2
402,402,0,167,0,0,655,168,0,2
403,403,0,167,0,0,655,168,0,0
404,404,0,167,0,0,655,168,0,0
405,405,0,167,0,0,655,168,0,0
406,406,0,167,0,0,655,168,0,2
407,407,0,167,0,0,655,168,0,2
408,408,0,167,0,0,655,168,0,2
409,409,0,167,0,0,655,168,0,7
410,410,0,167,0,0,655,168,0,7
411,411,0,167,0,0,655,168,0,7
412,412,0,167,0,0,655,168,0,2
413,413,0,167,0,0,655,168,0,2
414,414,0,167,0,0,655,168,0,2
415,415,0,167,0,0,655,168,0,2
416,416,0,167,0,0,655,168,0,7
417,417,0,167,0,0,655,168,0,7
418,418,0,167,0,0,655,168,0,7
419,419,0,167,0,0,655,168,0,2
420,420,0,167,0,0,655,168,0,2
421,421,0,167,0,0,655,168,0,2
422,422,0,167,0,0,655,168,0,2
423,423,0,167,0,0,655,168,0,0
424,424,0,167,0,0,655,168,0,0
425,425,0,167,0,0,655,168,0,0
426,426,0,167,0,0,655,168,0,2
427,427,0,167,0,0,655,168,0,2
428,428,0,167,0,0,655,168,0,2
429,429,0,167,0,0,655,168,0,7
430,430,0,167,0,0,655,168,0,7
431,431,0,167,0,0,655,168,0,7
432,432,0,167,0,0,655,168,0,2
433,433,0,167,0,0,655,168,0,2
434,434,0,167,0,0,655,168,0,2
435,435,0,167,0,0,655,168,0,2
436,436,0,167,0,0,655,168,0,7
437,437,0,167,0,0,655,168,0,7
438,438,0,167,0,0,655,168,0,7
439,439,0,167,0,0,655,168,0,2
440,440,0,167,0,0,655,168,0,2
441,441,0,167,0,0,655,168,0,2
442,442,0,167,0,0,655,168,0,2
443,443,0,167,0,0,655,168,0,0
444,444,0,167,0,0,655,168,0,0
445,445,0,167,0,0,655,168,0,0
446,446,0,167,0,0,655,168,0,2
447,447,0,167,0,0,655,168,0,2
448,448,0,167,0,0,655,168,0,2
449,449,0,167,0,0,655,168,0,7
450,450,0,167,0,0,655,168,0,7
451,451,0,167,0,0,655,168,0,7
452,452,0,167,0,0,655,168,0,2
453,453,0,167,0,0,655,168,0,2
454,454,0,167,0,0,655,168,0,2
455,455,0,167,0,0,655,168,0,2
456,456,0,167,0,0,655,168,0,7
457,457,0,167,0,0,655,168,0,7
458,458,0,167,0,0,655,168,0,7
459,459,0,167,0,0,655,168,0,2
460,460,0,167,0,0,655,168,0,2
461,461,0,167,0,0,655,168,0,2
462,462,0,167,0,0,655,168,0,2
463,463,0,167,0,0,655,168,0,0
464,464,0,167,0,0,655,168,0,0
465,465,0,167,0,0,655,168,0,0
466,466,0,167,0,0,655,168,0,2
467,467,0,167,0,0,655,168,0,2
468,468,0,167,0,0,655,168,0,2
469,469,0,167,0,0,655,168,0,7
470,470,0,167,0,0,655,168,0,7
471,471,0,167,0,0,655,168,0,7
472,472,0,167,0,0,655,168,0,2
473,473,0,167,0,0,655,168,0,2
474,474,0,167,0,0,655,168,0,2
475,475,0,167,0,0,655,168,0,2
476,476,0,167,0,0,655,168,0,7
477,477,0,167,0,0,655,168,0,7
478,478,0,167,0,0,655,168,0,7
479,479,0,167,0,0,655,168,0,2
480,480,0,167,0,0,655,168,0,2
481,481,0,167,0,0,655,168,0,2
482,482,0,167,0,0,655,168,0,2
483,483,0,167,0,0,655,168,0,0
484,484,0,167,0,0,655,168,0,0
485,485,0,167,0,0,655,168,0,0
486,486,0,167,0,0,655,168,0,2
487,487,0,167,0,0,655,168,0,2
488,488,0,167,0,0,655,168,0,2
489,489,0,167,0,0,655,168,0,7
490,490,0,167,0,0,655,168,0,7
491,491,0,167,0,0,655,168,0,7
492,492,0,167,0,0,655,168,0,2
493,493,0,167,0,0,655,168,0,2
494,494,0,167,0,0,655,168,0,2
495,495,0,167,0,0,655,168,0,2
496,496,0,167,0,0,655,168,0,7
497,497,0,167,0,0,655,168,0,7
498,498,0,167,0,0,655,168,0,7
499,499,0,167,0,0,655,168,0,2
500,500,0,167,0,0,655,168,0,2
501,501,0,167,0,0,655,168,0,2
502,502,0,167,0,0,655,168,0,2
503,503,0,167,0,0,655,168,0,0
504,504,0,167,0,0,655,168,0,0
505,505,0,167,0,0,655,168,0,0
506,506,0,167,0,0,655,168,0,2
507,507,0,167,0,0,655,168,0,2
508,508,0,167,0,0,655,168,0,2
509,509,0,167,0,0,655,168,0,7
510,510,0,167,0,0,655,168,0,7
511,511,0,167,0,0,655,168,0,7
512,512,0,167,0,0,655,168,0,2
513,513,0,167,0,0,655,168,0,2
514,514,0,167,0,0,655,168,0,2
515,515,0,167,0,0,655,168,0,2
516,516,0,167,0,0,655,168,0,7
517,517,0,167,0,0,655,168,0,7
518,518,0,167,0,0,655,168,0,7
519,519,0,167,0,0,655,168,0,2
520,520,0,167,0,0,655,168,0,2
521,521,0,167,0,0,655,168,0,2
522,522,0,167,0,0,655,168,0,2
523,523,0,167,0,0,655,168,0,0
524,524,0,167,0,0,655,168,0,0
525,525,0,167,0,0,655,168,0,0
526,526,0,167,0,0,655,168,0,2
527,527,0,167,0,0,655,168,0,2
528,528,0,167,0,0,655,168,0,2
529,529,0,167,0,0,655,168,0,7
530,530,0,167,0,0,655,168,0,7
531,531,0,167,0,0,655,168,0,7
532,532,0,167,0,0,655,168,0,2
533,533,0,167,0,0,655,168,0,2
534,534,0,167,0,0,655,168,0,2
535,535,0,167,0,0,655,168,0,2
536,536,0,167,0,0,655,168,0,7
537,537,0,167,0,0,655,168,0,7
538,538,0,167,0,0,655,168,0,7
539,539,0,167,0,0,655,168,0,2
540,540,0,167,0,0,655,168,0,2
541,541,0,167,0,0,655,168,0,2
542,542,0,167,0,0,655,168,0,2
543,543,0,167,0,0,655,168,0,0
544,544,0,167,0,0,655,168,0,0
545,545,0,167,0,0,655,168,0,0
546,546,0,167,0,0,655,168,0,2
547,547,0,167,0,0,655,168,0,2
548,548,0,167,0,0,655,168,0,2
549,549,0,167,0,0,655,168,0,7
550,550,0,167,0,0,655,168,0,7
551,551,0,167,0,0,655,168,0,7
552,552,0,167,0,0,655,168,0,2
553,553,0,167,0,0,655,168,0,2
554,554,0,167,0,0,655,168,0,2
555,555,0,167,0,0,655,168,0,2
556,556,0,167,0,0,655,168,0,7
557,557,0,167,0,0,655,168,0,7
558,558,0,167,0,0,655,168,0,7
559,559,0,167,0,0,655,168,0,2
560,560,0,167,0,0,655,168,0,2
561,561,0,167,0,0,655,168,0,2
562,562,0,167,0,0,655,168,0,2
563,563,0,167,0,0,655,168,0,0
564,564,0,167,0,0,655,168,0,0
565,565,0,167,0,0,655,168,0,0
566,566,0,167,0,0,655,168,0,2
567,567,0,167,0,0,655,168,0,2
568,568,0,167,0,0,655,168,0,2
569,569,0,167,0,0,655,168,0,7
570,570,0,167,0,0,655,168,0,7
571,571,0,167,0,0,655,168,0,7
572,572,0,167,0,0,655,168,0,2
573,573,0,167,0,0,655,168,0,2
574,574,0,167,0,0,655,168,0,2
575,575,0,167,0,0,655,168,0,2
576,576,0,167,0,0,655,168,0,7
577,577,0,167,0,0,655,168,0,7
578,578,0,167,0,0,655,168,0,7
579,579,0,167,0,0,655,168,0,2
580,580,0,167,0,0,655,168,0,2
581,581,0,167,0,0,655,168,0,2
582,582,0,167,0,0,655,168,0,2
583,583,0,167,0,0,655,168,0,0
584,584,0,167,0,0,655,168,0,0
585,585,0,167,0,0,655,168,0,0
586,586,0,167,0,0,655,168,0,2
587,587,0,167,0,0,655,168,0,2
588,588,0,167,0,0,655,168,0,2
589,589,0,167,0,0,655,168,0,7
590,590,0,167,0,0,655,168,0,7
591,591,0,167,0,0,655,168,0,7
592,592,0,167,0,0,655,168,0,2
593,593,0,167,0,0,655,168,0,2
594,594,0,167,0,0,655,168,0,2
595,595,0,167,0,0,655,168,0,2
596,596,0,167,0,0,655,168,0,7
597,597,0,167,0,0,655,168,0,7
598,598,0,167,0,0,655,168,0,7
599,599,0,167,0,0,655,168,0,2
600,600,0,167,0,0,655,168,0,2
601,601,0,167,0,0,655,168,0,2
602,602,0,167,0,0,655,168,0,2
603,603,0,167,0,0,655,168,0,0
604,604,0,167,0,0,655,168,0,0
605,605,0,167,0,0,655,168,0,0
606,606,0,167,0,0,655,168,0,2
607,607,0,167,0,0,655,168,0,2
608,608,0,167,0,0,655,168,0,2
609,609,0,167,0,0,655,168,0,7
610,610,0,167,0,0,655,168,0,7
611,611,0,167,0,0,655,168,0,7
612,612,0,167,0,0,655,168,0,2
613,613,0,167,0,0,655,168,0,2
614,614,0,167,0,0,655,168,0,2
615,615,0,167,0,0,655,168,0,2
616,616,0,167,0,0,655,168,0,7
617,617,0,167,0,0,655,168,0,7
618,618,0,167,0,0,655,168,0,7
619,619,0,167,0,0,655,168,0,2
620,620,0,167,0,0,655,168,0,2
621,621,0,167,0,0,655,168,0,2
622,622,0,167,0,0,655,168,0,2
623,623,0,167,0,0,655,168,0,0
624,624,0,167,0,0,655,168,0,0
625,625,0,167,0,0,655,168,0,0
626,626,0,167,0,0,655,168,0,2
627,627,0,167,0,0,655,168,0,2
628,628,0,167,0,0,655,168,0,2
629,629,0,167,0,0,655,168,0,7
630,630,0,167,0,0,655,168,0,7
631,631,0,167,0,0,655,168,0,7
632,632,0,167,0,0,655,168,0,2
633,633,0,167,0,0,655,168,0,2
634,634,0,167,0,0,655,168,0,2
635,635,0,167,0,0,655,168,0,2
636,636,0,167,0,0,655,168,0,7
637,637,0,167,0,0,655,168,0,7
638,638,0,167,0,0,655,168,0,7
639,639,0,167,0,0,655,168,0,2
640,640,0,167,0,0,655,168,0,2
641,641,0,167,0,0,655,168,0,2
642,642,0,167,0,0,655,168,0,2
643,643,0,167,0,0,655,168,0,0
644,644,0,167,0,0,655,168,0,0
645,645,0,167,0,0,655,168,0,0
646,646,0,167,0,0,655,168,0,2
647,647,0,167,0,0,655,168,0,2
648,648,0,167,0,0,655,168,0,2
649,649,0,167,0,0,655,168,0,7
650,650,0,167,0,0,655,168,0,7
651,651,0,167,0,0,655,168,0,7
652,652,0,167,0,0,655,168,0,2
653,653,0,167,0,0,655,168,0,2
654,654,0,167,0,0,655,168,0,2
655,655,0,167,0,0,655,168,0,2
656,656,0,167,0,0,655,168,0,7
657,657,0,167,0,0,655,168,0,7
658,658,0,167,0,0,655,168,0,7
659,659,0,167,0,0,655,168,0,2
660,660,0,167,0,0,655,168,0,2
661,661,0,167,0,0,655,168,0,2
662,662,0,167,0,0,655,168,0,2
663,663,0,167,0,0,655,168,0,0
664,664,0,167,0,0,655,168,0,0
665,665,0,167,0,0,655,168,0,0
666,666,0,167,0,0,655,168,0,2
667,667,0,167,0,0,655,168,0,2
668,668,0,167,0,0,655,168,0,2
669,669,0,167,0,0,655,168,0,7
670,670,0,167,0,0,655,168,0,7
671,671,0,167,0,0,655,168,0,7
672,672,0,167,0,0,655,168,0,2
673,673,0,167,0,0,655,168,0,2
674,674,0,167,0,0,655,168,0,2
675,675,0,167,0,0,655,168,0,2
676,676,0,167,0,0,655,168,0,7
677,677,0,167,0,0,655,168,0,7
678,678,0,167,0,0,655,168,0,7
679,679,0,167,0,0,655,168,0,2
680,680,0,167,0,0,655,168,0,2
681,681,0,167,0,0,655,168,0,2
682,682,0,167,0,0,655,168,0,2
683,683,0,167,0,0,655,168,0,0
684,684,0,167,0,0,655,168,0,0
685,685,0,167,0,0,655,168,0,0
686,686,0,167,0,0,655,168,0,2
687,687,0,167,0,0,655,168,0,2
688,688,0,167,0,0,655,168,0,2
689,689,0,167,0,0,655,168,0,7
690,690,0,167,0,0,655,168,0,7
691,691,0,167,0,0,655,168,0,7
692,692,0,167,0,0,655,168,0,2
693,693,0,167,0,0,655,168,0,2
694,694,0,167,0,0,655,168,0,2
695,695,0,167,0,0,655,168,0,2
696,696,0,167,0,0,655,168,0,7
697,697,0,167,0,0,655,168,0,7
698,698,0,167,0,0,655,168,0,7
699,699,0,167,0,0,655,168,0,2
700,700,0,167,0,0,655,168,0,2
701,701,0,167,0,0,655,168,0,2
702,702,0,167,0,0,655,168,0,2
703,703,0,167,0,0,655,168,0,0
704,704,0,167,0,0,655,168,0,0
705,705,0,167,0,0,655,168,0,0
706,706,0,167,0,0,655,168,0,2
707,707,0,167,0,0,655,168,0,2
708,708,0,167,0,0,655,168,0,2
709,709,0,167,0,0,655,168,0,7
710,710,0,167,0,0,655,168,0,7
711,711,0,167,0,0,655,168,0,7
712,712,0,167,0,0,655,168,0,2
713,713,0,167,0,0,655,168,0,2
714,714,0,167,0,0,655,168,0,2
715,715,0,167,0,0,655,168,0,2
716,716,0,167,0,0,655,168,0,7
717,717,0,167,0,0,655,168,0,7
718,718,0,167,0,0,655,168,0,7
719,719,0,167,0,0,655,168,0,2
720,720,0,167,0,0,655,168,0,2
721,721,0,167,0,0,655,168,0,2
722,722,0,167,0,0,655,168,0,2
723,723,0,167,0,0,655,168,0,0
724,724,0,167,0,0,655,168,0,0
725,725,0,167,0,0,655,168,0,0
726,726,0,167,0,0,655,168,0,2
727,727,0,167,0,0,655,168,0,2
728,728,0,167,0,0,655,168,0,2
729,729,0,167,0,0,655,168,0,7
730,730,0,167,0,0,655,168,0,7
731,731,0,167,0,0,655,168,0,7
732,732,0,167,0,0,655,168,0,2
733,733,0,167,0,0,655,168,0,2
734,734,0,167,0,0,655,168,0,2
735,735,0,167,0,0,655,168,0,2
736,736,0,167,0,0,655,168,0,7
737,737,0,167,0,0,655,168,0,7
738,738,0,167,0,0,655,168,0,7
739,739,0,167,0,0,655,168,0,2
740,740,0,167,0,0,655,168,0,2
741,741,0,167,0,0,655,168,0,2
742,742,0,167,0,0,655,168,0,2
743,743,0,167,0,0,655,168,0,0
744,744,0,167,0,0,655,168,0,0
745,745,0,167,0,0,655,168,0,0
746,746,0,167,0,0,655,168,0,2
747,747,0,167,0,0,655,168,0,2
748,748,0,167,0,0,655,168,0,2
749,749,0,167,0,0,655,168,0,7
750,750,0,167,0,0,655,168,0,7
751,751,0,167,0,0,655,168,0,7
752,752,0,167,0,0,655,168,0,2
753,753,0,167,0,0,655,168,0,2
754,754,0,167,0,0,655,168,0,2
755,755,0,167,0,0,655,168,0,2
756,756,0,167,0,0,655,168,0,7
757,757,0,167,0,0,655,168,0,7
758,758,0,167,0,0,655,168,0,7
759,759,0,167,0,0,655,168,0,2
760,760,0,167,0,0,655,168,0,2
761,761,0,167,0,0,655,168,0,2
762,762,0,167,0,0,655,168,0,2
763,763,0,167,0,0,655,168,0,0
764,764,0,167,0,0,655,168,0,0
765,765,0,167,0,0,655,168,0,0
766,766,0,167,0,0,655,168,0,2
767,767,0,167,0,0,655,168,0,2
768,768,0,167,0,0,655,168,0,2
769,769,0,167,0,0,655,168,0,7
770,770,0,167,0,0,655,168,0,7
771,771,0,167,0,0,655,168,0,7
772,772,0,167,0,0,655,168,0,2
773,773,0,167,0,0,655,168,0,2
774,774,0,167,0,0,655,168,0,2
775,775,0,167,0,0,655,168,0,2
776,776,0,167,0,0,655,168,0,7
777,777,0,167,0,0,655,168,0,7
778,778,0,167,0,0,655,168,0,7
779,779,0,167,0,0,655,168,0,2
780,780,0,167,0,0,655,168,0,2
781,781,0,167,0,0,655,168,0,2
782,782,0,167,0,0,655,168,0,2
783,783,0,167,0,0,655,168,0,0
784,784,0,167,0,0,655,168,0,0
785,785,0,167,0,0,655,168,0,0
786,786,0,167,0,0,655,168,0,2
787,787,0,167,0,0,655,168,0,2
788,788,0,167,0,0,655,168,0,2
789,789,0,167,0,0,655,168,0,7
790,790,0,167,0,0,655,168,0,7
791,791,0,167,0,0,655,168,0,7
792,792,0,167,0,0,655,168,0,2
793,793,0,167,0,0,655,168,0,2
794,794,0,167,0,0,655,168,0,2
795,795,0,167,0,0,655,168,0,2
796,796,0,167,0,0,655,168,0,7
797,797,0,167,0,0,655,168,0,7
798,798,0,167,0,0,655,168,0,7
799,799,0,167,0,0,655,168,0,2
800,800,0,167,0,0,655,168,0,2
801,801,0,167,0,0,655,168,0,2
802,802,0,167,0,0,655,168,0,2
803,803,0,167,0,0,655,168,0,0
804,804,0,167,0,0,655,168,0,0
805,805,0,167,0,0,655,168,0,0
806,806,0,167,0,0,655,168,0,2
807,807,0,167,0,0,655,168,0,2
808,808,0,167,0,0,655,168,0,2
809,809,0,167,0,0,655,168,0,7
810,810,0,167,0,0,655,168,0,7
811,811,0,167,0,0,655,168,0,7
812,812,0,167,0,0,655,168,0,2
813,813,0,167,0,0,655,168,0,2
814,814,0,167,0,0,655,168,0,2
815,815,0,167,0,0,655,168,0,2
816,816,0,167,0,0,655,168,0,7
817,817,0,167,0,0,655,168,0,7
818,818,0,167,0,0,655,168,0,7
819,819,0,167,0,0,655,168,0,2
820,820,0,167,0,0,655,168,0,2
821,821,0,167,0,0,655,168,0,2
822,822,0,167,0,0,655,168,0,2
823,823,0,167,0,0,655,168,0,0
824,824,0,167,0,0,655,168,0,0
825,825,0,167,0,0,655,168,0,0
826,826,0,167,0,0,655,168,0,2
827,827,0,167,0,0,655,168,0,2
828,828,0,167,0,0,655,168,0,2
829,829,0,167,0,0,655,168,0,7
830,830,0,167,0,0,655,168,0,7
831,831,0,167,0,0,655,168,0,7
832,832,0,167,0,0,655,168,0,2
833,833,0,167,0,0,655,168,0,2
834,834,0,167,0,0,655,168,0,2
835,835,0,167,0,0,655,168,0,2
836,836,0,167,0,0,655,168,0,7
837,837,0,167,0,0,655,168,0,7
838,838,0,167,0,0,655,168,0,7
839,839,0,167,0,0,655,168,0,2
840,840,0,167,0,0,655,168,0,2
841,841,0,167,0,0,655,168,0,2
842,842,0,167,0,0,655,168,0,2
843,843,0,167,0,0,655,168,0,0
844,844,0,167,0,0,655,168,0,0
845,845,0,167,0,0,655,168,0,0
846,846,0,167,0,0,655,168,0,2
847,847,0,167,0,0,655,168,0,2
848,848,0,167,0,0,655,168,0,2
849,849,0,167,0,0,655,168,0,7
850,850,0,167,0,0,655,168,0,7
851,851,0,167,0,0,655,168,0,7
852,852,0,167,0,0,655,168,0,2
853,853,0,167,0,0,655,168,0,2
854,854,0,167,0,0,655,168,0,2
855,855,0,167,0,0,655,168,0,2
856,856,0,167,0,0,655,168,0,7
857,857,0,167,0,0,655,168,0,7
858,858,0,167,0,0,655,168,0,7
859,859,0,167,0,0,655,168,0,2
860,860,0,167,0,0,655,168,0,2
861,861,0,167,0,0,655,168,0,2
862,862,0,167,0,0,655,168,0,2
863,863,0,167,0,0,655,168,0,0
864,864,0,167,0,0,655,168,0,0
865,865,0,167,0,0,655,168,0,0
866,866,0,167,0,0,655,168,0,2
867,867,0,167,0,0,655,168,0,2
868,868,0,167,0,0,655,168,0,2
869,869,0,167,0,0,655,168,0,7
870,870,0,167,0,0,655,168,0,7
871,871,0,167,0,0,655,168,0,7
872,872,0,167,0,0,655,168,0,2
873,873,0,167,0,0,655,168,0,2
874,874,0,167,0,0,655,168,0,2
875,875,0,167,0,0,655,168,0,2
876,876,0,167,0,0,655,168,0,7
877,877,0,167,0,0,655,168,0,7
878,878,0,167,0,0,655,168,0,7
879,879,0,167,0,0,655,168,0,2
880,880,0,167,0,0,655,168,0,2
881,881,0,167,0,0,655,168,0,2
882,882,0,167,0,0,655,168,0,2
883,883,0,167,0,0,655,168,0,0
884,884,0,167,0,0,655,168,0,0
885,885,0,167,0,0,655,168,0,0
886,886,0,167,0,0,655,168,0,2
887,887,0,167,0,0,655,168,0,2
888,888,0,167,0,0,655,168,0,2
889,889,0,167,0,0,655,168,0,7
890,890,0,167,0,0,655,168,0,7
891,891,0,167,0,0,655,168,0,7
892,892,0,167,0,0,655,168,0,2
893,893,0,167,0,0,655,168,0,2
894,894,0,167,0,0,655,168,0,2
895,895,0,167,0,0,655,168,0,2
896,896,0,167,0,0,655,168,0,7
897,897,0,167,0,0,655,168,0,7
898,898,0,167,0,0,655,168,0,7
899,899,0,167,0,0,655,168,0,2
900,900,0,167,0,0,655,168,0,2
901,901,0,167,0,0,655,168,0,2
902,902,0,167,0,0,655,168,0,2
903,903,0,167,0,0,655,168,0,0
904,904,0,167,0,0,655,168,0,0
905,905,0,167,0,0,655,168,0,0
906,906,0,167,0,0,655,168,0,2
907,907,0,167,0,0,655,168,0,2
908,908,0,167,0,0,655,168,0,2
909,909,0,167,0,0,655,168,0,7
910,910,0,167,0,0,655,168,0,7
911,911,0,167,0,0,655,168,0,7
912,912,0,167,0,0,655,168,0,2
913,913,0,167,0,0,655,168,0,2
914,914,0,167,0,0,655,168,0,2
915,915,0,167,0,0,655,168,0,2
916,916,0,167,0,0,655,168,0,7
917,917,0,167,0,0,655,168,0,7
918,918,0,167,0,0,655,168,0,7
919,919,0,167,0,0,655,168,0,2
920,920,0,167,0,0,655,168,0,2
921,921,0,167,0,0,655,168,0,2
922,922,0,167,0,0,655,168,0,2
923,923,0,167,0,0,655,168,0,0
924,924,0,167,0,0,655,168,0,0
925,925,0,167,0,0,655,168,0,0
926,926,0,167,0,0,655,168,0,2
927,927,0,167,0,0,655,168,0,2
928,928,0,167,0,0,655,168,0,2
929,929,0,167,0,0,655,168,0,7
930,930,0,167,0,0,655,168,0,7
931,931,0,167,0,0,655,168,0,7
932,932,0,167,0,0,655,168,0,2
933,933,0,167,0,0,655,168,0,2
934,934,0,167,0,0,655,168,0,2
935,935,0,167,0,0,655,168,0,2
936,936,0,167,0,0,655,168,0,7
937,937,0,167,0,0,655,168,0,7
938,938,0,167,0,0,655,168,0,7
939,939,0,167,0,0,655,168,0,2
940,940,0,167,0,0,655,168,0,2
941,941,0,167,0,0,655,168,0,2
942,942,0,167,0,0,655,168,0,2
943,943,0,167,0,0,655,168,0,0
944,944,0,167,0,0,655,168,0,0
945,945,0,167,0,0,655,168,0,0
946,946,0,167,0,0,655,168,0,2
947,947,0,167,0,0,655,168,0,2
948,948,0,167,0,0,655,168,0,2
949,949,0,167,0,0,655,168,0,7
950,950,0,167,0,0,655,168,0,7
951,951,0,167,0,0,655,168,0,7
952,952,0,167,0,0,655,168,0,2
953,953,0,167,0,0,655,168,0,2
954,954,0,167,0,0,655,168,0,2
955,955,0,167,0,0,655,168,0,2
956,956,0,167,0,0,655,168,0,7
957,957,0,167,0,0,655,168,0,7
958,958,0,167,0,0,655,168,0,7
959,959,0,167,0,0,655,168,0,2
960,960,0,167,0,0,655,168,0,2
961,961,0,167,0,0,655,168,0,2
962,962,0,167,0,0,655,168,0,2
963,963,0,167,0,0,655,168,0,0
964,964,0,167,0,0,655,168,0,0
965,965,0,167,0,0,655,168,0,0
966,966,0,167,0,0,655,168,0,2
967,967,0,167,0,0,655,168,0,2
968,968,0,167,0,0,655,168,0,2
969,969,0,167,0,0,655,168,0,7
970,970,0,167,0,0,655,168,0,7
971,971,0,167,0,0,655,168,0,7
972,972,0,167,0,0,655,168,0,2
973,973,0,167,0,0,655,168,0,2
974,974,0,167,0,0,655,168,0,2
975,975,0,167,0,0,655,168,0,2
976,976,0,167,0,0,655,168,0,7
977,977,0,167,0,0,655,168,0,7
978,978,0,167,0,0,655,168,0,7
979,979,0,167,0,0,655,168,0,2
980,980,0,167,0,0,655,168,0,2
981,981,0,167,0,0,655,168,0,2
982,982,0,167,0,0,655,168,0,2
983,983,0,167,0,0,655,168,0,0
984,984,0,167,0,0,655,168,0,0
985,985,0,167,0,0,655,168,0,0
986,986,0,167,0,0,655,168,0,2
987,987,0,167,0,0,655,168,0,2
988,988,0,167,0,0,655,168,0,2
989,989,0,167,0,0,655,168,0,7
990,990,0,167,0,0,655,168,0,7
991,991,0,167,0,0,655,168,0,7
992,992,0,167,0,0,655,168,0,2
993,993,0,167,0,0,655,168,0,2
994,994,0,167,0,0,655,168,0,2
995,995,0,167,0,0,655,168,0,2
996,996,0,167,0,0,655,168,0,7
997,997,0,167,0,0,655,168,0,7
998,998,0,167,0,0,655,168,0,7
999,999,0,167,0,0,655,168,0,2
1000,1000,0,167,0,0,655,168,0,2
1001,1001,0,167,0,0,655,168,0,2
1002,1002,0,167,0,0,655,168,0,2
1003,1003,0,167,0,0,655,168,0,0
1004,1004,0,167,0,0,655,168,0,0
1005,1005,0,167,0,0,655,168,0,0
1006,1006,0,167,0,0,655,168,0,2
1007,1007,0,167,0,0,655,168,0,2
1008,1008,0,167,0,0,655,168,0,2
1009,1009,0,167,0,0,655,168,0,7
1010,1010,0,167,0,0,655,168,0,7
1011,1011,0,167,0,0,655,168,0,7
1012,1012,0,167,0,0,655,168,0,2
1013,1013,0,167,0,0,655,168,0,2
1014,1014,0,167,0,0,655,168,0,2
1015,1015,0,167,0,0,655,168,0,2
1016,1016,0,167,0,0,655,168,0,7
1017,1017,0,167,0,0,655,168,0,7
1018,1018,0,167,0,0,655,168,0,7
1019,1019,0,167,0,0,655,168,0,2
1020,1020,0,167,0,0,655,168,0,2
1021,1021,0,167,0,0,655,168,0,2
1022,1022,0,167,0,0,655,168,0,2
1023,1023,0,167,0,0,655,168,0,0
1024,1024,0,167,0,0,655,168,0,0
1025,1025,0,167,0,0,655,168,0,0
1026,1026,0,167,0,0,655,168,0,2
1027,1027,0,167,0,0,655,168,0,2
1028,1028,0,167,0,0,655,168,0,2
1029,1029,0,167,0,0,655,168,0,7
1030,1030,0,167,0,0,655,168,0,7
1031,1031,0,167,0,0,655,168,0,7
1032,1032,0,167,0,0,655,168,0,2
1033,1033,0,167,0,0,655,168,0,2
1034,1034,0,167,0,0,655,168,0,2
1035,1035,0,167,0,0,655,168,0,2
1036,1036,0,167,0,0,655,168,0,7
1037,1037,0,167,0,0,655,168,0,7
1038,1038,0,167,0,0,655,168,0,7
1039,1039,0,167,0,0,655,168,0,2
1040,1040,0,167,0,0,655,168,0,2
1041,1041,0,167,0,0,655,168,0,2
1042,1042,0,167,0,0,655,168,0,2
1043,1043,0,167,0,0,655,168,0,0
1044,1044,0,167,0,0,655,168,0,0
1045,1045,0,167,0,0,655,168,0,0
1046,1046,0,167,0,0,655,168,0,2
1047,1047,0,167,0,0,655,168,0,2
1048,1048,0,167,0,0,655,168,0,2
1049,1049,0,167,0,0,655,168,0,7
1050,1050,0,167,0,0,655,168,0,7
1051,1051,0,167,0,0,655,168,0,7
1052,1052,0,167,0,0,655,168,0,2
1053,1053,0,167,0,0,655,168,0,2
1054,1054,0,167,0,0,655,168,0,2
1055,1055,0,167,0,0,655,168,0,2
1056,1056,0,167,0,0,655,168,0,7
1057,1057,0,167,0,0,655,168,0,7
1058,1058,0,167,0,0,655,168,0,7
1059,1059,0,167,0,0,655,168,0,2
1060,1060,0,167,0,0,655,168,0,2
1061,1061,0,167,0,0,655,168,0,2
1062,1062,0,167,0,0,655,168,0,2
1063,1063,0,167,0,0,655,168,0,0
1064,1064,0,167,0,0,655,168,0,0
1065,1065,0,167,0,0,655,168,0,0
1066,1066,0,167,0,0,655,168,0,2
1067,1067,0,167,0,0,655,168,0,2
1068,1068,0,167,0,0,655,168,0,2
1069,1069,0,167,0,0,655,168,0,7
1070,1070,0,167,0,0,655,168,0,7
1071,1071,0,167,0,0,655,168,0,7
1072,1072,0,167,0,0,655,168,0,2
1073,1073,0,167,0,0,655,168,0,2
1074,1074,0,167,0,0,655,168,0,2
1075,1075,0,167,0,0,655,168,0,2
1076,1076,0,167,0,0,655,168,0,7
1077,1077,0,167,0,0,655,168,0,7
1078,1078,0,167,0,0,655,168,0,7
1079,1079,0,167,0,0,655,168,0,2
1080,1080,0,167,0,0,655,168,0,2
1081,1081,0,167,0,0,655,168,0,2
1082,1082,0,167,0,0,655,168,0,2
1083,1083,0,167,0,0,655,168,0,0
1084,1084,0,167,0,0,655,168,0,0
1085,1085,0,167,0,0,655,168,0,0
1086,1086,0,167,0,0,655,168,0,2
1087,1087,0,167,0,0,655,168,0,2
1088,1088,0,167,0,0,655,168,0,2
1089,1089,0,167,0,0,655,168,0,7
1090,1090,0,167,0,0,655,168,0,7
1091,1091,0,167,0,0,655,168,0,7
1092,1092,0,167,0,0,655,168,0,2
1093,1093,0,167,0,0,655,168,0,2
1094,1094,0,167,0,0,655,168,0,2
1095,1095,0,167,0,0,655,168,0,2
1096,1096,0,167,0,0,655,168,0,7
1097,1097,0,167,0,0,655,168,0,7
1098,1098,0,167,0,0,655,168,0,7
1099,1099,0,167,0,0,655,168,0,2
1100,1100,0,167,0,0,655,168,0,2
1101,1101,0,167,0,0,655,168,0,2
1102,1102,0,167,0,0,655,168,0,2
1103,1103,0,167,0,0,655,168,0,0
1104,1104,0,167,0,0,655,168,0,0
1105,1105,0,167,0,0,655,168,0,0
1106,1106,0,167,0,0,655,168,0,2
1107,1107,0,167,0,0,655,168,0,2
1108,1108,0,167,0,0,655,168,0,2
1109,1109,0,167,0,0,655,168,0,7
1110,1110,0,167,0,0,655,168,0,7
1111,1111,0,167,0,0,655,168,0,7
1112,1112,0,167,0,0,655,168,0,2
1113,1113,0,167,0,0,655,168,0,2
1114,1114,0,167,0,0,655,168,0,2
1115,1115,0,167,0,0,655,168,0,2
1116,1116,0,167,0,0,655,168,0,7
1117,1117,0,167,0,0,655,168,0,7
1118,1118,0,167,0,0,655,168,0,7
1119,1119,0,167,0,0,655,168,0,2
1120,1120,0,167,0,0,655,168,0,2
1121,1121,0,167,0,0,655,168,0,2
1122,1122,0,167,0,0,655,168,0,2
1123,1123,0,167,0,0,655,168,0,0
1124,1124,0,167,0,0,655,168,0,0
1125,1125,0,167,0,0,655,168,0,0
1126,1126,0,167,0,0,655,168,0,2
1127,1127,0,167,0,0,655,168,0,2
1128,1128,0,167,0,0,655,168,0,2
1129,1129,0,167,0,0,655,168,0,7
1130,1130,0,167,0,0,655,168,0,7
1131,1131,0,167,0,0,655,168,0,7
1132,1132,0,167,0,0,655,168,0,2
1133,1133,0,167,0,0,655,168,0,2
1134,1134,0,167,0,0,655,168,0,2
1135,1135,0,167,0,0,655,168,0,2
1136,1136,0,167,0,0,655,168,0,7
1137,1137,0,167,0,0,655,168,0,7
1138,1138,0,167,0,0,655,168,0,7
1139,1139,0,167,0,0,655,168,0,2
1140,1140,0,167,0,0,655,168,0,2
1141,1141,0,167,0,0,655,168,0,2
1142,1142,0,167,0,0,655,168,0,2
1143,1143,0,167,0,0,655,168,0,0
1144,1144,0,167,0,0,655,168,0,0
1145,1145,0,167,0,0,655,168,0,0
1146,1146,0,167,0,0,655,168,0,2
1147,1147,0,167,0,0,655,168,0,2
1148,1148,0,167,0,0,655,168,0,2
1149,1149,0,167,0,0,655,168,0,7
1150,1150,0,167,0,0,655,168,0,7
1151,1151,0,167,0,0,655,168,0,7
1152,1152,0,167,0,0,655,168,0,2
1153,1153,0,167,0,0,655,168,0,2
1154,1154,0,167,0,0,655,168,0,2
1155,1155,0,167,0,0,655,168,0,2
1156,1156,0,167,0,0,655,168,0,7
1157,1157,0,167,0,0,655,168,0,7
1158,1158,0,167,0,0,655,168,0,7
1159,1159,0,167,0,0,655,168,0,2
1160,1160,0,167,0,0,655,168,0,2
1161,1161,0,167,0,0,655,168,0,2
1162,1162,0,167,0,0,655,168,0,2
1163,1163,0,167,0,0,655,168,0,0
1164,1164,0,167,0,0,655,168,0,0
1165,1165,0,167,0,0,655,168,0,0
1166,1166,0,167,0,0,655,168,0,2
1167,1167,0,167,0,0,655,168,0,2
1168,1168,0,167,0,0,655,168,0,2
1169,1169,0,167,0,0,655,168,0,7
1170,1170,0,167,0,0,655,168,0,7
1171,1171,0,167,0,0,655,168,0,7
1172,1172,0,167,0,0,655,168,0,2
1173,1173,0,167,0,0,655,168,0,2
1174,1174,0,167,0,0,655,168,0,2
1175,1175,0,167,0,0,655,168,0,2
1176,1176,0,167,0,0,655,168,0,7
1177,1177,0,167,0,0,655,168,0,7
1178,1178,0,167,0,0,655,168,0,7
1179,1179,0,167,0,0,655,168,0,2
1180,1180,0,167,0,0,655,168,0,2
1181,1181,0,167,0,0,655,168,0,2
1182,1182,0,167,0,0,655,168,0,2
1183,1183,0,167,0,0,655,168,0,0
1184,1184,0,167,0,0,655,168,0,0
1185,1185,0,167,0,0,655,168,0,0
1186,1186,0,167,0,0,655,168,0,2
1187,1187,0,167,0,0,655,168,0,2
1188,1188,0,167,0,0,655,168,0,2
1189,1189,0,167,0,0,655,168,0,7
1190,1190,0,167,0,0,655,168,0,7
1191,1191,0,167,0,0,655,168,0,7
1192,1192,0,167,0,0,655,168,0,2
1193,1193,0,167,0,0,655,168,0,2
1194,1194,0,167,0,0,655,168,0,2
1195,1195,0,167,0,0,655,168,0,2
1196,1196,0,167,0,0,655,168,0,7
1197,1197,0,167,0,0,655,168,0,7
1198,1198,0,167,0,0,655,168,0,7
1199,1199,0,167,0,0,655,168,0,2
1200,1200,0,167,0,0,655,168,0,2
1201,1201,0,167,0,0,655,168,0,2
1202,1202,0,167,0,0,655,168,0,2
1203,1203,0,167,0,0,655,168,0,0
1204,1204,0,167,0,0,655,168,0,0
1205,1205,0,167,0,0,655,168,0,0
1206,1206,0,167,0,0,655,168,0,2
1207,1207,0,167,0,0,655,168,0,2
1208,1208,0,167,0,0,655,168,0,2
1209,1209,0,167,0,0,655,168,0,7
1210,1210,0,167,0,0,655,168,0,7
1211,1211,0,167,0,0,655,168,0,7
1212,1212,0,167,0,0,655,168,0,2
1213,1213,0,167,0,0,655,168,0,2
1214,1214,0,167,0,0,655,168,0,2
1215,1215,0,167,0,0,655,168,0,2
1216,1216,0,167,0,0,655,168,0,7
1217,1217,0,167,0,0,655,168,0,7
1218,1218,0,167,0,0,655,168,0,7
1219,1219,0,167,0,0,655,168,0,2
1220,1220,0,167,0,0,655,168,0,2
1221,1221,0,167,0,0,655,168,0,2
1222,1222,0,167,0,0,655,168,0,2
1223,1223,0,167,0,0,655,168,0,0
1224,1224,0,167,0,0,655,168,0,0
1225,1225,0,167,0,0,655,168,0,0
1226,1226,0,167,0,0,655,168,0,2
1227,1227,0,167,0,0,655,168,0,2
1228,1228,0,167,0,0,655,168,0,2
1229,1229,0,167,0,0,655,168,0,7
1230,1230,0,167,0,0,655,168,0,7
1231,1231,0,167,0,0,655,168,0,7
1232,1232,0,167,0,0,655,168,0,2
1233,1233,0,167,0,0,655,168,0,2
1234,1234,0,167,0,0,655,168,0,2
1235,1235,0,167,0,0,655,168,0,2
1236,1236,0,167,0,0,655,168,0,7
1237,1237,0,167,0,0,655,168,0,7
1238,1238,0,167,0,0,655,168,0,7
1239,1239,0,167,0,0,655,168,0,2
1240,1240,0,167,0,0,655,168,0,2
1241,1241,0,167,0,0,655,168,0,2
1242,1242,0,167,0,0,655,168,0,2
1243,1243,0,167,0,0,655,168,0,0
1244,1244,0,167,0,0,655,168,0,0
1245,1245,0,167,0,0,655,168,0,0
1246,1246,0,167,0,0,655,168,0,2
1247,1247,0,167,0,0,655,168,0,2
1248,1248,0,167,0,0,655,168,0,2
1249,1249,0,167,0,0,655,168,0,7
1250,1250,0,167,0,0,655,168,0,7
1251,1251,0,167,0,0,655,168,0,7
1252,1252,0,167,0,0,655,168,0,2
1253,1253,0,167,0,0,655,168,0,2
1254,1254,0,167,0,0,655,168,0,2
1255,1255,0,167,0,0,655,168,0,2
1256,1256,0,167,0,0,655,168,0,7
1257,1257,0,167,0,0,655,168,0,7
1258,1258,0,167,0,0,655,168,0,7
1259,1259,0,167,0,0,655,168,0,2
1260,1260,0,167,0,0,655,168,0,2
1261,1261,0,167,0,0,655,168,0,2
1262,1262,0,167,0,0,655,168,0,2
1263,1263,0,167,0,0,655,168,0,0
1264,1264,0,167,0,0,655,168,0,0
1265,1265,0,167,0,0,655,168,0,0
1266,1266,0,167,0,0,655,168,0,2
1267,1267,0,167,0,0,655,168,0,2
1268,1268,0,167,0,0,655,168,0,2
1269,1269,0,167,0,0,655,168,0,7
1270,1270,0,167,0,0,655,168,0,7
1271,1271,0,167,0,0,655,168,0,7
1272,1272,0,167,0,0,655,168,0,2
1273,1273,0,167,0,0,655,168,0,2
1274,1274,0,167,0,0,655,168,0,2
1275,1275,0,167,0,0,655,168,0,2
1276,1276,0,167,0,0,655,168,0,7
1277,1277,0,167,0,0,655,168,0,7
1278,1278,0,167,0,0,655,168,0,7
1279,1279,0,167,0,0,655,168,0,2
1280,1280,0,167,0,0,655,168,0,2
1281,1281,0,167,0,0,655,168,0,2
1282,1282,0,167,0,0,655,168,0,2
1283,1283,0,167,0,0,655,168,0,0
1284,1284,0,167,0,0,655,168,0,0
1285,1285,0,167,0,0,655,168,0,0
1286,1286,0,167,0,0,655,168,0,2
1287,1287,0,167,0,0,655,168,0,2
1288,1288,0,167,0,0,655,168,0,2
1289,1289,0,167,0,0,655,168,0,7
1290,1290,0,167,0,0,655,168,0,7
1291,1291,0,167,0,0,655,168,0,7
1292,1292,0,167,0,0,655,168,0,2
1293,1293,0,167,0,0,655,168,0,2
1294,1294,0,167,0,0,655,168,0,2
1295,1295,0,167,0,0,655,168,0,2
1296,1296,0,167,0,0,655,168,0,7
1297,1297,0,167,0,0,655,168,0,7
1298,1298,0,167,0,0,655,168,0,7
1299,1299,0,167,0,0,655,168,0,2
1300,1300,0,167,0,0,655,168,0,2
1301,1301,0,167,0,0,655,168,0,2
1302,1302,0,167,0,0,655,168,0,2
1303,1303,0,167,0,0,655,168,0,0
1304,1304,0,167,0,0,655,168,0,0
1305,1305,0,167,0,0,655,168,0,0
1306,1306,0,167,0,0,655,168,0,2
1307,1307,0,167,0,0,655,168,0,2
1308,1308,0,167,0,0,655,168,0,2
1309,1309,0,167,0,0,655,168,0,7
1310,1310,0,167,0,0,655,168,0,7
1311,1311,0,167,0,0,655,168,0,7
1312,1312,0,167,0,0,655,168,0,2
1313,1313,0,167,0,0,655,168,0,2
1314,1314,0,167,0,0,655,168,0,2
1315,1315,0,167,0,0,655,168,0,2
1316,1316,0,167,0,0,655,168,0,7
1317,1317,0,167,0,0,655,168,0,7
1318,1318,0,167,0,0,655,168,0,7
1319,1319,0,167,0,0,655,168,0,2
1320,1320,0,167,0,0,655,168,0,2
1321,1321,0,167,0,0,655,168,0,2
1322,1322,0,167,0,0,655,168,0,2
1323,1323,0,167,0,0,655,168,0,0
1324,1324,0,167,0,0,655,168,0,0
1325,1325,0,167,0,0,655,168,0,0
1326,1326,0,167,0,0,655,168,0,2
1327,1327,0,167,0,0,655,168,0,2
1328,1328,0,167,0,0,655,168,0,2
1329,1329,0,167,0,0,655,168,0,7
1330,1330,0,167,0,0,655,168,0,7
1331,1331,0,167,0,0,655,168,0,7
1332,1332,0,167,0,0,655,168,0,2
1333,1333,0,167,0,0,655,168,0,2
1334,1334,0,167,0,0,655,168,0,2
1335,1335,0,167,0,0,655,168,0,2
1336,1336,0,167,0,0,655,168,0,7
1337,1337,0,167,0,0,655,168,0,7
1338,1338,0,167,0,0,655,168,0,7
1339,1339,0,167,0,0,655,168,0,2
1340,1340,0,167,0,0,655,168,0,2
1341,1341,0,167,0,0,655,168,0,2
1342,1342,0,167,0,0,655,168,0,2
1343,1343,0,167,0,0,655,168,0,0
1344,1344,0,167,0,0,655,168,0,0
1345,1345,0,167,0,0,655,168,0,0
1346,1346,0,167,0,0,655,168,0,2
1347,1347,0,167,0,0,655,168,0,2
1348,1348,0,167,0,0,655,168,0,2
1349,1349,0,167,0,0,655,168,0,7
1350,1350,0,167,0,0,655,168,0,7
1351,1351,0,167,0,0,655,168,0,7
1352,1352,0,167,0,0,655,168,0,2
1353,1353,0,167,0,0,655,168,0,2
1354,1354,0,167,0,0,655,168,0,2
1355,1355,0,167,0,0,655,168,0,2
1356,1356,0,167,0,0,655,168,0,7
1357,1357,0,167,0,0,655,168,0,7
1358,1358,0,167,0,0,655,168,0,7
1359,1359,0,167,0,0,655,168,0,2
1360,1360,0,167,0,0,655,168,0,2
1361,1361,0,167,0,0,655,168,0,2
1362,1362,0,167,0,0,655,168,0,2
1363,1363,0,167,0,0,655,168,0,0
1364,1364,0,167,0,0,655,168,0,0
1365,1365,0,167,0,0,655,168,0,0
1366,1366,0,167,0,0,655,168,0,2
1367,1367,0,167,0,0,655,168,0,2
1368,1368,0,167,0,0,655,168,0,2
1369,1369,0,167,0,0,655,168,0,7
1370,1370,0,167,0,0,655,168,0,7
1371,1371,0,167,0,0,655,168,0,7
1372,1372,0,167,0,0,655,168,0,2
1373,1373,0,167,0,0,655,168,0,2
1374,1374,0,167,0,0,655,168,0,2
1375,1375,0,167,0,0,655,168,0,2
1376,1376,0,167,0,0,655,168,0,7
1377,1377,0,167,0,0,655,168,0,7
1378,1378,0,167,0,0,655,168,0,7
1379,1379,0,167,0,0,655,168,0,2
1380,1380,0,167,0,0,655,168,0,2
1381,1381,0,167,0,0,655,168,0,2
1382,1382,0,167,0,0,655,168,0,2
1383,1383,0,167,0,0,655,168,0,0
1384,1384,0,167,0,0,655,168,0,0
1385,1385,0,167,0,0,655,168,0,0
1386,1386,0,167,0,0,655,168,0,2
1387,1387,0,167,0,0,655,168,0,2
1388,1388,0,167,0,0,655,168,0,2
1389,1389,0,167,0,0,655,168,0,7
1390,1390,0,167,0,0,655,168,0,7
1391,1391,0,167,0,0,655,168,0,7
1392,1392,0,167,0,0,655,168,0,2
1393,1393,0,167,0,0,655,168,0,2
1394,1394,0,167,0,0,655,168,0,2
1395,1395,0,167,0,0,655,168,0,2
1396,1396,0,167,0,0,655,168,0,7
1397,1397,0,167,0,0,655,168,0,7
1398,1398,0,167,0,0,655,168,0,7
1399,1399,0,167,0,0,655,168,0,2
1400,1400,0,167,0,0,655,168,0,2
1401,1401,0,167,0,0,655,168,0,2
1402,1402,0,167,0,0,655,168,0,2
1403,1403,0,167,0,0,655,168,0,0
1404,1404,0,167,0,0,655,168,0,0
1405,1405,0,167,0,0,655,168,0,0
1406,1406,0,167,0,0,655,168,0,2
1407,1407,0,167,0,0,655,168,0,2
1408,1408,0,167,0,0,655,168,0,2
1409,1409,0,167,0,0,655,168,0,7
1410,1410,0,167,0,0,655,168,0,7
1411,1411,0,167,0,0,655,168,0,7
1412,1412,0,167,0,0,655,168,0,2
1413,1413,0,167,0,0,655,168,0,2
1414,1414,0,167,0,0,655,168,0,2
1415,1415,0,167,0,0,655,168,0,2
1416,1416,0,167,0,0,655,168,0,7
1417,1417,0,167,0,0,655,168,0,7
1418,1418,0,167,0,0,655,168,0,7
1419,1419,0,167,0,0,655,168,0,2
1420,1420,0,167,0,0,655,168,0,2
1421,1421,0,167,0,0,655,168,0,2
1422,1422,0,167,0,0,655,168,0,2
1423,1423,0,167,0,0,655,168,0,0
1424,1424,0,167,0,0,655,168,0,0
1425,1425,0,167,0,0,655,168,0,0
1426,1426,0,167,0,0,655,168,0,2
1427,1427,0,167,0,0,655,168,0,2
1428,1428,0,167,0,0,655,168,0,2
1429,1429,0,167,0,0,655,168,0,7
1430,1430,0,167,0,0,655,168,0,7
1431,1431,0,167,0,0,655,168,0,7
1432,1432,0,167,0,0,655,168,0,2
1433,1433,0,167,0,0,655,168,0,2
1434,1434,0,167,0,0,655,168,0,2
1435,1435,0,167,0,0,655,168,0,2
1436,1436,0,167,0,0,655,168,0,7
1437,1437,0,167,0,0,655,168,0,7
1438,1438,0,167,0,0,655,168,0,7
1439,1439,0,167,0,0,655,168,0,2
1440,1440,0,167,0,0,655,168,0,2
1441,1441,0,167,0,0,655,168,0,2
1442,1442,0,167,0,0,655,168,0,2
1443,1443,0,167,0,0,655,168,0,0
1444,1444,0,167,0,0,655,168,0,0
1445,1445,0,167,0,0,655,168,0,0
1446,1446,0,167,0,0,655,168,0,2
1447,1447,0,167,0,0,655,168,0,2
1448,1448,0,167,0,0,655,168,0,2
1449,1449,0,167,0,0,655,168,0,7
1450,1450,0,167,0,0,655,168,0,7
1451,1451,0,167,0,0,655,168,0,7
1452,1452,0,167,0,0,655,168,0,2
1453,1453,0,167,0,0,655,168,0,2
1454,1454,0,167,0,0,655,168,0,2
1455,1455,0,167,0,0,655,168,0,2
1456,1456,0,167,0,0,655,168,0,7
1457,1457,0,167,0,0,655,168,0,7
1458,1458,0,167,0,0,655,168,0,7
1459,1459,0,167,0,0,655,168,0,2
1460,1460,0,167,0,0,655,168,0,2
1461,1461,0,167,0,0,655,168,0,2
1462,1462,0,167,0,0,655,168,0,2
1463,1463,0,167,0,0,655,168,0,0
1464,1464,0,167,0,0,655,168,0,0
1465,1465,0,167,0,0,655,168,0,0
1466,1466,0,167,0,0,655,168,0,2
1467,1467,0,167,0,0,655,168,0,2
1468,1468,0,167,0,0,655,168,0,2
1469,1469,0,167,0,0,655,168,0,7
1470,1470,0,167,0,0,655,168,0,7
1471,1471,0,167,0,0,655,168,0,7
1472,1472,0,167,0,0,655,168,0,2
1473,1473,0,167,0,0,655,168,0,2
1474,1474,0,167,0,0,655,168,0,2
1475,1475,0,167,0,0,655,168,0,2
1476,1476,0,167,0,0,655,168,0,7
1477,1477,0,167,0,0,655,168,0,7
1478,1478,0,167,0,0,655,168,0,7
1479,1479,0,167,0,0,655,168,0,2
1480,1480,0,167,0,0,655,168,0,2
1481,1481,0,167,0,0,655,168,0,2
1482,1482,0,167,0,0,655,168,0,2
1483,1483,0,167,0,0,655,168,0,0
1484,1484,0,167,0,0,655,168,0,0
1485,1485,0,167,0,0,655,168,0,0
1486,1486,0,167,0,0,655,168,0,2
1487,1487,0,167,0,0,655,168,0,2
1488,1488,0,167,0,0,655,168,0,2
1489,1489,0,167,0,0,655,168,0,7
1490,1490,0,167,0,0,655,168,0,7
1491,1491,0,167,0,0,655,168,0,7
1492,1492,0,167,0,0,655,168,0,2
1493,1493,0,167,0,0,655,168,0,2
1494,1494,0,167,0,0,655,168,0,2
1495,1495,0,167,0,0,655,168,0,2
1496,1496,0,167,0,0,655,168,0,7
1497,1497,0,167,0,0,655,168,0,7
1498,1498,0,167,0,0,655,168,0,7
1499,1499,0,167,0,0,655,168,0,2
1500,1500,0,167,0,0,655,168,0,2
1501,1501,0,167,0,0,655,168,0,2
1502,1502,0,167,0,0,655,168,0,2
1503,1503,0,167,0,0,655,168,0,0
1504,1504,0,167,0,0,655,168,0,0
1505,1505,0,167,0,0,655,168,0,0
1506,1506,0,167,0,0,655,168,0,2
1507,1507,0,167,0,0,655,168,0,2
1508,1508,0,167,0,0,655,168,0,2
1509,1509,0,167,0,0,655,168,0,7
1510,1510,0,167,0,0,655,168,0,7
1511,1511,0,167,0,0,655,168,0,7
1512,1512,0,167,0,0,655,168,0,2
1513,1513,0,167,0,0,655,168,0,2
1514,1514,0,167,0,0,655,168,0,2
1515,1515,0,167,0,0,655,168,0,2
1516,1516,0,167,0,0,655,168,0,7
1517,1517,0,167,0,0,655,168,0,7
1518,1518,0,167,0,0,655,168,0,7
1519,1519,0,167,0,0,655,168,0,2
1520,1520,0,167,0,0,655,168,0,2
1521,1521,0,167,0,0,655,168,0,2
1522,1522,0,167,0,0,655,168,0,2
1523,1523,0,167,0,0,655,168,0,0
1524,1524,0,167,0,0,655,168,0,0
1525,1525,0,167,0,0,655,168,0,0
1526,1526,0,167,0,0,655,168,0,2
1527,1527,0,167,0,0,655,168,0,2
1528,1528,0,167,0,0,655,168,0,2
1529,1529,0,167,0,0,655,168,0,7
1530,1530,0,167,0,0,655,168,0,7
1531,1531,0,167,0,0,655,168,0,7
1532,1532,0,167,0,0,655,168,0,2
1533,1533,0,167,0,0,655,168,0,2
1534,1534,0,167,0,0,655,168,0,2
1535,1535,0,167,0,0,655,168,0,2
1536,1536,0,167,0,0,655,168,0,7
1537,1537,0,167,0,0,655,168,0,7
1538,1538,0,167,0,0,655,168,0,7
1539,1539,0,167,0,0,655,168,0,2
1540,1540,0,167,0,0,655,168,0,2
1541,1541,0,167,0,0,655,168,0,2
1542,1542,0,167,0,0,655,168,0,2
1543,1543,0,167,0,0,655,168,0,0
1544,1544,0,167,0,0,655,168,0,0
1545,1545,0,167,0,0,655,168,0,0
1546,1546,0,167,0,0,655,168,0,2
1547,1547,0,167,0,0,655,168,0,2
1548,1548,0,167,0,0,655,168,0,2
1549,1549,0,167,0,0,655,168,0,7
1550,1550,0,167,0,0,655,168,0,7
1551,1551,0,167,0,0,655,168,0,7
1552,1552,0,167,0,0,655,168,0,2
1553,1553,0,167,0,0,655,168,0,2
1554,1554,0,167,0,0,655,168,0,2
1555,1555,0,167,0,0,655,168,0,2
1556,1556,0,167,0,0,655,168,0,7
1557,1557,0,167,0,0,655,168,0,7
1558,1558,0,167,0,0,655,168,0,7
1559,1559,0,167,0,0,655,168,0,2
1560,1560,0,167,0,0,655,168,0,2
1561,1561,0,167,0,0,655,168,0,2
1562,1562,0,167,0,0,655,168,0,2
1563,1563,0,167,0,0,655,168,0,0
1564,1564,0,167,0,0,655,168,0,0
1565,1565,0,167,0,0,655,168,0,0
1566,1566,0,167,0,0,655,168,0,2
1567,1567,0,167,0,0,655,168,0,2
1568,1568,0,167,0,0,655,168,0,2
1569,1569,0,167,0,0,655,168,0,7
1570,1570,0,167,0,0,655,168,0,7
1571,1571,0,167,0,0,655,168,0,7
1572,1572,0,167,0,0,655,168,0,2
1573,1573,0,167,0,0,655,168,0,2
1574,1574,0,167,0,0,655,168,0,2
1575,1575,0,167,0,0,655,168,0,2
1576,1576,0,167,0,0,655,168,0,7
1577,1577,0,167,0,0,655,168,0,7
1578,1578,0,167,0,0,655,168,0,7
1579,1579,0,167,0,0,655,168,0,2
1580,1580,0,167,0,0,655,168,0,2
1581,1581,0,167,0,0,655,168,0,2
1582,1582,0,167,0,0,655,168,0,2
1583,1583,0,167,0,0,655,168,0,0
1584,1584,0,167,0,0,655,168,0,0
1585,1585,0,167,0,0,655,168,0,0
1586,1586,0,167,0,0,655,168,0,2
1587,1587,0,167,0,0,655,168,0,2
1588,1588,0,167,0,0,655,168,0,2
1589,1589,0,167,0,0,655,168,0,7
1590,1590,0,167,0,0,655,168,0,7
1591,1591,0,167,0,0,655,168,0,7
1592,1592,0,167,0,0,655,168,0,2
1593,1593,0,167,0,0,655,168,0,2
1594,1594,0,167,0,0,655,168,0,2
1595,1595,0,167,0,0,655,168,0,2
1596,1596,0,167,0,0,655,168,0,7
1597,1597,0,167,0,0,655,168,0,7
1598,1598,0,167,0,0,655,168,0,7
1599,1599,0,167,0,0,655,168,0,2
1600,1600,0,167,0,0,655,168,0,2
1601,1601,0,167,0,0,655,168,0,2
1602,1602,0,167,0,0,655,168,0,2
1603,1603,0,167,0,0,655,168,0,0
1604,1604,0,167,0,0,655,168,0,0
1605,1605,0,167,0,0,655,168,0,0
1606,1606,0,167,0,0,655,168,0,2
1607,1607,0,167,0,0,655,168,0,2
1608,1608,0,167,0,0,655,168,0,2
1609,1609,0,167,0,0,655,168,0,7
1610,1610,0,167,0,0,655,168,0,7
1611,1611,0,167,0,0,655,168,0,7
1612,1612,0,167,0,0,655,168,0,2
1613,1613,0,167,0,0,655,168,0,2
1614,1614,0,167,0,0,655,168,0,2
1615,1615,0,167,0,0,655,168,0,2
1616,1616,0,167,0,0,655,168,0,7
1617,1617,0,167,0,0,655,168,0,7
1618,1618,0,167,0,0,655,168,0,7
1619,1619,0,167,0,0,655,168,0,2
1620,1620,0,167,0,0,655,168,0,2
1621,1621,0,167,0,0,655,168,0,2
1622,1622,0,167,0,0,655,168,0,2
1623,1623,0,167,0,0,655,168,0,0
1624,1624,0,167,0,0,655,168,0,0
1625,1625,0,167,0,0,655,168,0,0
1626,1626,0,167,0,0,655,168,0,2
1627,1627,0,167,0,0,655,168,0,2
1628,1628,0,167,0,0,655,168,0,2
1629,1629,0,167,0,0,655,168,0,7
1630,1630,0,167,0,0,655,168,0,7
1631,1631,0,167,0,0,655,168,0,7
1632,1632,0,167,0,0,655,168,0,2
1633,1633,0,167,0,0,655,168,0,2
1634,1634,0,167,0,0,655,168,0,2
1635,1635,0,167,0,0,655,168,0,2
1636,1636,0,167,0,0,655,168,0,7
1637,1637,0,167,0,0,655,168,0,7
1638,1638,0,167,0,0,655,168,0,7
1639,1639,0,167,0,0,655,168,0,2
1640,1640,0,167,0,0,655,168,0,2
1641,1641,0,167,0,0,655,168,0,2
1642,1642,0,167,0,0,655,168,0,2
1643,1643,0,167,0,0,655,168,0,0
1644,1644,0,167,0,0,655,168,0,0
1645,1645,0,167,0,0,655,168,0,0
1646,1646,0,167,0,0,655,168,0,2
1647,1647,0,167,0,0,655,168,0,2
1648,1648,0,167,0,0,655,168,0,2
1649,1649,0,167,0,0,655,168,0,7
1650,1650,0,167,0,0,655,168,0,7
1651,1651,0,167,0,0,655,168,0,7
1652,1652,0,167,0,0,655,168,0,2
1653,1653,0,167,0,0,655,168,0,2
1654,1654,0,167,0,0,655,168,0,2
1655,1655,0,167,0,0,655,168,0,2
1656,1656,0,167,0,0,655,168,0,7
1657,1657,0,167,0,0,655,168,0,7
1658,1658,0,167,0,0,655,168,0,7
1659,1659,0,167,0,0,655,168,0,2
1660,1660,0,167,0,0,655,168,0,2
1661,1661,0,167,0,0,655,168,0,2
1662,1662,0,167,0,0,655,168,0,2
1663,1663,0,167,0,0,655,168,0,0
1664,1664,0,167,0,0,655,168,0,0
1665,1665,0,167,0,0,655,168,0,0
1666,1666,0,167,0,0,655,168,0,2
1667,1667,0,167,0,0,655,168,0,2
1668,1668,0,167,0,0,655,168,0,2
1669,1669,0,167,0,0,655,168,0,7
1670,1670,0,167,0,0,655,168,0,7
1671,1671,0,167,0,0,655,168,0,7
1672,1672,0,167,0,0,655,168,0,2
1673,1673,0,167,0,0,655,168,0,2
1674,1674,0,167,0,0,655,168,0,2
1675,1675,0,167,0,0,655,168,0,2
1676,1676,0,167,0,0,655,168,0,7
1677,1677,0,167,0,0,655,168,0,7
1678,1678,0,167,0,0,655,168,0,7
1679,1679,0,167,0,0,655,168,0,2
1680,1680,0,167,0,0,655,168,0,2
1681,1681,0,167,0,0,655,168,0,2
1682,1682,0,167,0,0,655,168,0,2
1683,1683,0,167,0,0,655,168,0,0
1684,1684,0,167,0,0,655,168,0,0
1685,1685,0,167,0,0,655,168,0,0
1686,1686,0,167,0,0,655,168,0,2
1687,1687,0,167,0,0,655,168,0,2
1688,1688,0,167,0,0,655,168,0,2
1689,1689,0,167,0,0,655,168,0,7
1690,1690,0,167,0,0,655,168,0,7
1691,1691,0,167,0,0,655,168,0,7
1692,1692,0,167,0,0,655,168,0,2
1693,1693,0,167,0,0,655,168,0,2
1694,1694,0,167,0,0,655,168,0,2
1695,1695,0,167,0,0,655,168,0,2
1696,1696,0,167,0,0,655,168,0,7
1697,1697,0,167,0,0,655,168,0,7
1698,1698,0,167,0,0,655,168,0,7
1699,1699,0,167,0,0,655,168,0,2
1700,1700,0,167,0,0,655,168,0,2
1701,1701,0,167,0,0,655,168,0,2
1702,1702,0,167,0,0,655,168,0,2
1703,1703,0,167,0,0,655,168,0,0
1704,1704,0,167,0,0,655,168,0,0
1705,1705,0,167,0,0,655,168,0,0
1706,1706,0,167,0,0,655,168,0,2
1707,1707,0,167,0,0,655,168,0,2
1708,1708,0,167,0,0,655,168,0,2
1709,1709,0,167,0,0,655,168,0,7
1710,1710,0,167,0,0,655,168,0,7
1711,1711,0,167,0,0,655,168,0,7
1712,1712,0,167,0,0,655,168,0,2
1713,1713,0,167,0,0,655,168,0,2
1714,1714,0,167,0,0,655,168,0,2
1715,1715,0,167,0,0,655,168,0,2
1716,1716,0,167,0,0,655,168,0,7
1717,1717,0,167,0,0,655,168,0,7
1718,1718,0,167,0,0,655,168,0,7
1719,1719,0,167,0,0,655,168,0,2
1720,1720,0,167,0,0,655,168,0,2
1721,1721,0,167,0,0,655,168,0,2
1722,1722,0,167,0,0,655,168,0,2
1723,1723,0,167,0,0,655,168,0,0
1724,1724,0,167,0,0,655,168,0,0
1725,1725,0,167,0,0,655,168,0,0
1726,1726,0,167,0,0,655,168,0,2
1727,1727,0,167,0,0,655,168,0,2
1728,1728,0,167,0,0,655,168,0,2
1729,1729,0,167,0,0,655,168,0,7
1730,1730,0,167,0,0,655,168,0,7
1731,1731,0,167,0,0,655,168,0,7
1732,1732,0,167,0,0,655,168,0,2
1733,1733,0,167,0,0,655,168,0,2
1734,1734,0,167,0,0,655,168,0,2
1735,1735,0,167,0,0,655,168,0,2
1736,1736,0,167,0,0,655,168,0,7
1737,1737,0,167,0,0,655,168,0,7
1738,1738,0,167,0,0,655,168,0,7
1739,1739,0,167,0,0,655,168,0,2
1740,1740,0,167,0,0,655,168,0,2
1741,1741,0,167,0,0,655,168,0,2
1742,1742,0,167,0,0,655,168,0,2
1743,1743,0,167,0,0,655,168,0,0
1744,1744,0,167,0,0,655,168,0,0
1745,1745,0,167,0,0,655,168,0,0
1746,1746,0,167,0,0,655,168,0,2
1747,1747,0,167,0,0,655,168,0,2
1748,1748,0,167,0,0,655,168,0,2
1749,1749,0,167,0,0,655,168,0,7
1750,1750,0,167,0,0,655,168,0,7
1751,1751,0,167,0,0,655,168,0,7
1752,1752,0,167,0,0,655,168,0,2
1753,1753,0,167,0,0,655,168,0,2
1754,1754,0,167,0,0,655,168,0,2
1755,1755,0,167,0,0,655,168,0,2
1756,1756,0,167,0,0,655,168,0,7
1757,1757,0,167,0,0,655,168,0,7
1758,1758,0,167,0,0,655,168,0,7
1759,1759,0,167,0,0,655,168,0,2
1760,1760,0,167,0,0,655,168,0,2
1761,1761,0,167,0,0,655,168,0,2
1762,1762,0,167,0,0,655,168,0,2
1763,1763,0,167,0,0,655,168,0,0
1764,1764,0,167,0,0,655,168,0,0
1765,1765,0,167,0,0,655,168,0,0
1766,1766,0,167,0,0,655,168,0,2
1767,1767,0,167,0,0,655,168,0,2
1768,1768,0,167,0,0,655,168,0,2
1769,1769,0,167,0,0,655,168,0,7
1770,1770,0,167,0,0,655,168,0,7
1771,1771,0,167,0,0,655,168,0,7
1772,1772,0,167,0,0,655,168,0,2
1773,1773,0,167,0,0,655,168,0,2
1774,1774,0,167,0,0,655,168,0,2
1775,1775,0,167,0,0,655,168,0,2
1776,1776,0,167,0,0,655,168,0,7
1777,1777,0,167,0,0,655,168,0,7
1778,1778,0,167,0,0,655,168,0,7
1779,1779,0,167,0,0,655,168,0,2
1780,1780,0,167,0,0,655,168,0,2
1781,1781,0,167,0,0,655,168,0,2
1782,1782,0,167,0,0,655,168,0,2
1783,1783,0,167,0,0,655,168,0,0
1784,1784,0,167,0,0,655,168,0,0
1785,1785,0,167,0,0,655,168,0,0
1786,1786,0,167,0,0,655,168,0,2
1787,1787,0,167,0,0,655,168,0,2
1788,1788,0,167,0,0,655,168,0,2
1789,1789,0,167,0,0,655,168,0,7
1790,1790,0,167,0,0,655,168,0,7
1791,1791,0,167,0,0,655,168,0,7
1792,1792,0,167,0,0,655,168,0,2
1793,1793,0,167,0,0,655,168,0,2
1794,1794,0,167,0,0,655,168,0,2
1795,1795,0,167,0,0,655,168,0,2
1796,1796,0,167,0,0,655,168,0,7
1797,1797,0,167,0,0,655,168,0,7
1798,1798,0,167,0,0,655,168,0,7
1799,1799,0,167,0,0,655,168,0,2
1800,1800,0,167,0,0,655,168,0,2
1801,1801,0,167,0,0,655,168,0,2
1802,1802,0,167,0,0,655,168,0,2
1803,1803,0,167,0,0,655,168,0,0
1804,1804,0,167,0,0,655,168,0,0
1805,1805,0,167,0,0,655,168,0,0
1806,1806,0,167,0,0,655,168,0,2
1807,1807,0,167,0,0,655,168,0,2
1808,1808,0,167,0,0,655,168,0,2
1809,1809,0,167,0,0,655,168,0,7
1810,1810,0,167,0,0,655,168,0,7
1811,1811,0,167,0,0,655,168,0,7
1812,1812,0,167,0,0,655,168,0,2
1813,1813,0,167,0,0,655,168,0,2
1814,1814,0,167,0,0,655,168,0,2
1815,1815,0,167,0,0,655,168,0,2
1816,1816,0,167,0,0,655,168,0,7
1817,1817,0,167,0,0,655,168,0,7
1818,1818,0,167,0,0,655,168,0,7
1819,1819,0,167,0,0,655,168,0,2
1820,1820,0,167,0,0,655,168,0,2
1821,1821,0,167,0,0,655,168,0,2
1822,1822,0,167,0,0,655,168,0,2
1823,1823,0,167,0,0,655,168,0,0
1824,1824,0,167,0,0,655,168,0,0
1825,1825,0,167,0,0,655,168,0,0
1826,1826,0,167,0,0,655,168,0,2
1827,1827,0,167,0,0,655,168,0,2
1828,1828,0,167,0,0,655,168,0,2
1829,1829,0,167,0,0,655,168,0,7
1830,1830,0,167,0,0,655,168,0,7
1831,1831,0,167,0,0,655,168,0,7
1832,1832,0,167,0,0,655,168,0,2
1833,1833,0,167,0,0,655,168,0,2
1834,1834,0,167,0,0,655,168,0,2
1835,1835,0,167,0,0,655,168,0,2
1836,1836,0,167,0,0,655,168,0,7
1837,1837,0,167,0,0,655,168,0,7
1838,1838,0,167,0,0,655,168,0,7
1839,1839,0,167,0,0,655,168,0,2
1840,1840,0,167,0,0,655,168,0,2
1841,1841,0,167,0,0,655,168,0,2
1842,1842,0,167,0,0,655,168,0,2
1843,1843,0,167,0,0,655,168,0,0
1844,1844,0,167,0,0,655,168,0,0
1845,1845,0,167,0,0,655,168,0,0
1846,1846,0,167,0,0,655,168,0,2
1847,1847,0,167,0,0,655,168,0,2
1848,1848,0,167,0,0,655,168,0,2
1849,1849,0,167,0,0,655,168,0,7
1850,1850,0,167,0,0,655,168,0,7
1851,1851,0,167,0,0,655,168,0,7
1852,1852,0,167,0,0,655,168,0,2
1853,1853,0,167,0,0,655,168,0,2
1854,1854,0,167,0,0,655,168,0,2
1855,1855,0,167,0,0,655,168,0,2
1856,1856,0,167,0,0,655,168,0,7
1857,1857,0,167,0,0,655,168,0,7
1858,1858,0,167,0,0,655,168,0,7
1859,1859,0,167,0,0,655,168,0,2
1860,1860,0,167,0,0,655,168,0,2
1861,1861,0,167,0,0,655,168,0,2
1862,1862,0,167,0,0,655,168,0,2
1863,1863,0,167,0,0,655,168,0,0
1864,1864,0,167,0,0,655,168,0,0
1865,1865,0,167,0,0,655,168,0,0
1866,1866,0,167,0,0,655,168,0,2
1867,1867,0,167,0,0,655,168,0,2
1868,1868,0,167,0,0,655,168,0,2
1869,1869,0,167,0,0,655,168,0,7
1870,1870,0,167,0,0,655,168,0,7
1871,1871,0,167,0,0,655,168,0,7
1872,1872,0,167,0,0,655,168,0,2
1873,1873,0,167,0,0,655,168,0,2
1874,1874,0,167,0,0,655,168,0,2
1875,1875,0,167,0,0,655,168,0,2
1876,1876,0,167,0,0,655,168,0,7
1877,1877,0,167,0,0,655,168,0,7
1878,1878,0,167,0,0,655,168,0,7
1879,1879,0,167,0,0,655,168,0,2
1880,1880,0,167,0,0,655,168,0,2
1881,1881,0,167,0,0,655,168,0,2
1882,1882,0,167,0,0,655,168,0,2
1883,1883,0,167,0,0,655,168,0,0
1884,1884,0,167,0,0,655,168,0,0
1885,1885,0,167,0,0,655,168,0,0
1886,1886,0,167,0,0,655,168,0,2
1887,1887,0,167,0,0,655,168,0,2
1888,1888,0,167,0,0,655,168,0,2
1889,1889,0,167,0,0,655,168,0,7
1890,1890,0,167,0,0,655,168,0,7
1891,1891,0,167,0,0,655,168,0,7
1892,1892,0,167,0,0,655,168,0,2
1893,1893,0,167,0,0,655,168,0,2
1894,1894,0,167,0,0,655,168,0,2
1895,1895,0,167,0,0,655,168,0,2
1896,1896,0,167,0,0,655,168,0,7
1897,1897,0,167,0,0,655,168,0,7
1898,1898,0,167,0,0,655,168,0,7
1899,1899,0,167,0,0,655,168,0,2
1900,1900,0,167,0,0,655,168,0,2
1901,1901,0,167,0,0,655,168,0,2
1902,1902,0,167,0,0,655,168,0,2
1903,1903,0,167,0,0,655,168,0,0
1904,1904,0,167,0,0,655,168,0,0
1905,1905,0,167,0,0,655,168,0,0
1906,1906,0,167,0,0,655,168,0,2
1907,1907,0,167,0,0,655,168,0,2
1908,1908,0,167,0,0,655,168,0,2
1909,1909,0,167,0,0,655,168,0,7
1910,1910,0,167,0,0,655,168,0,7
1911,1911,0,167,0,0,655,168,0,7
1912,1912,0,167,0,0,655,168,0,2
1913,1913,0,167,0,0,655,168,0,2
1914,1914,0,167,0,0,655,168,0,2
1915,1915,0,167,0,0,655,168,0,2
1916,1916,0,167,0,0,655,168,0,7
1917,1917,0,167,0,0,655,168,0,7
1918,1918,0,167,0,0,655,168,0,7
1919,1919,0,167,0,0,655,168,0,2
1920,1920,0,167,0,0,655,168,0,2
1921,1921,0,167,0,0,655,168,0,2
1922,1922,0,167,0,0,655,168,0,2
1923,1923,0,167,0,0,655,168,0,0
1924,1924,0,167,0,0,655,168,0,0
1925,1925,0,167,0,0,655,168,0,0
1926,1926,0,167,0,0,655,168,0,2
1927,1927,0,167,0,0,655,168,0,2
1928,1928,0,167,0,0,655,168,0,2
1929,1929,0,167,0,0,655,168,0,7
1930,1930,0,167,0,0,655,168,0,7
1931,1931,0,167,0,0,655,168,0,7
1932,1932,0,167,0,0,655,168,0,2
1933,1933,0,167,0,0,655,168,0,2
1934,1934,0,167,0,0,655,168,0,2
1935,1935,0,167,0,0,655,168,0,2
1936,1936,0,167,0,0,655,168,0,7
1937,1937,0,167,0,0,655,168,0,7
1938,1938,0,167,0,0,655,168,0,7
1939,1939,0,167,0,0,655,168,0,2
1940,1940,0,167,0,0,655,168,0,2
1941,1941,0,167,0,0,655,168,0,2
1942,1942,0,167,0,0,655,168,0,2
1943,1943,0,167,0,0,655,168,0,0
1944,1944,0,167,0,0,655,168,0,0
1945,1945,0,167,0,0,655,168,0,0
1946,1946,0,167,0,0,655,168,0,2
1947,1947,0,167,0,0,655,168,0,2
1948,1948,0,167,0,0,655,168,0,2
1949,1949,0,167,0,0,655,168,0,7
1950,1950,0,167,0,0,655,168,0,7
1951,1951,0,167,0,0,655,168,0,7
1952,1952,0,167,0,0,655,168,0,2
1953,1953,0,167,0,0,655,168,0,2
1954,1954,0,167,0,0,655,168,0,2
1955,1955,0,167,0,0,655,168,0,2
1956,1956,0,167,0,0,655,168,0,7
1957,1957,0,167,0,0,655,168,0,7
1958,1958,0,167,0,0,655,168,0,7
1959,1959,0,167,0,0,655,168,0,2
1960,1960,0,167,0,0,655,168,0,2
1961,1961,0,167,0,0,655,168,0,2
1962,1962,0,167,0,0,655,168,0,2
1963,1963,0,167,0,0,655,168,0,0
1964,1964,0,167,0,0,655,168,0,0
1965,1965,0,167,0,0,655,168,0,0
1966,1966,0,167,0,0,655,168,0,2
1967,1967,0,167,0,0,655,168,0,2
1968,1968,0,167,0,0,655,168,0,2
1969,1969,0,167,0,0,655,168,0,7
1970,1970,0,167,0,0,655,168,0,7
1971,1971,0,167,0,0,655,168,0,7
1972,1972,0,167,0,0,655,168,0,2
1973,1973,0,167,0,0,655,168,0,2
1974,1974,0,167,0,0,655,168,0,2
1975,1975,0,167,0,0,655,168,0,2
1976,1976,0,167,0,0,655,168,0,7
1977,1977,0,167,0,0,655,168,0,7
1978,1978,0,167,0,0,655,168,0,7
1979,1979,0,167,0,0,655,168,0,2
1980,1980,0,167,0,0,655,168,0,2
1981,1981,0,167,0,0,655,168,0,2
1982,1982,0,167,0,0,655,168,0,2
1983,1983,0,167,0,0,655,168,0,0
1984,1984,0,167,0,0,655,168,0,0
1985,1985,0,167,0,0,655,168,0,0
1986,1986,0,167,0,0,655,168,0,2
1987,1987,0,167,0,0,655,168,0,2
1988,1988,0,167,0,0,655,168,0,2
1989,1989,0,167,0,0,655,168,0,7
1990,1990,0,167,0,0,655,168,0,7
1991,1991,0,167,0,0,655,168,0,7
1992,1992,0,167,0,0,655,168,0,2
1993,1993,0,167,0,0,655,168,0,2
1994,1994,0,167,0,0,655,168,0,2
1995,1995,0,167,0,0,655,168,0,2
1996,1996,0,167,0,0,655,168,0,7
1997,1997,0,167,0,0,655,168,0,7
1998,1998,0,167,0,0,655,168,0,7
1999,1999,0,167,0,0,655,168,0,2
2000,2000,0,167,0,0,655,168,0,2
2001,2001,0,167,0,0,655,168,0,2
2002,2002,0,167,0,0,655,168,0,2
2003,2003,0,167,0,0,655,168,0,0
2004,2004,0,167,0,0,655,168,0,0
2005,2005,0,167,0,0,655,168,0,0
2006,2006,0,167,0,0,655,168,0,2
2007,2007,0,167,0,0,655,168,0,2
2008,2008,0,167,0,0,655,168,0,2
2009,2009,0,167,0,0,655,168,0,7
2010,2010,0,167,0,0,655,168,0,7
2011,2011,0,167,0,0,655,168,0,7
2012,2012,0,167,0,0,655,168,0,2
2013,2013,0,167,0,0,655,168,0,2
2014,2014,0,167,0,0,655,168,0,2
2015,2015,0,167,0,0,655,168,0,2
2016,2016,0,167,0,0,655,168,0,7
2017,2017,0,167,0,0,655,168,0,7
2018,2018,0,167,0,0,655,168,0,7
2019,2019,0,167,0,0,655,168,0,2
2020,2020,0,167,0,0,655,168,0,2
2021,2021,0,167,0,0,655,168,0,2
2022,2022,0,167,0,0,655,168,0,2
2023,2023,0,167,0,0,655,168,0,0
2024,2024,0,167,0,0,655,168,0,0
2025,2025,0,167,0,0,655,168,0,0
2026,2026,0,167,0,0,655,168,0,2
2027,2027,0,167,0,0,655,168,0,2
2028,2028,0,167,0,0,655,168,0,2
2029,2029,0,167,0,0,655,168,0,7
2030,2030,0,167,0,0,655,168,0,7
2031,2031,0,167,0,0,655,168,0,7
2032,2032,0,167,0,0,655,168,0,2
2033,2033,0,167,0,0,655,168,0,2
2034,2034,0,167,0,0,655,168,0,2
2035,2035,0,167,0,0,655,168,0,2
2036,2036,0,167,0,0,655,168,0,7
2037,2037,0,167,0,0,655,168,0,7
2038,2038,0,167,0,0,655,168,0,7
2039,2039,0,167,0,0,655,168,0,2
2040,2040,0,167,0,0,655,168,0,2
2041,2041,0,167,0,0,655,168,0,2
2042,2042,0,167,0,0,655,168,0,2
2043,2043,0,167,0,0,655,168,0,0
2044,2044,0,167,0,0,655,168,0,0
2045,2045,0,167,0,0,655,168,0,0
2046,2046,0,167,0,0,655,168,0,2
2047,2047,0,167,0,0,655,168,0,2
2048,2048,0,167,0,0,655,168,0,2
2049,2049,0,167,0,0,655,168,0,7
2050,2050,0,167,0,0,655,168,0,7
2051,2051,0,167,0,0,655,168,0,7
2052,2052,0,167,0,0,655,168,0,2
2053,2053,0,167,0,0,655,168,0,2
2054,2054,0,167,0,0,655,168,0,2
2055,2055,0,167,0,0,655,168,0,2
2056,2056,0,167,0,0,655,168,0,7
2057,2057,0,167,0,0,655,168,0,7
2058,2058,0,167,0,0,655,168,0,7
2059,2059,0,167,0,0,655,168,0,2
2060,2060,0,167,0,0,655,168,0,2
2061,2061,0,167,0,0,655,168,0,2
2062,2062,0,167,0,0,655,168,0,2
2063,2063,0,167,0,0,655,168,0,0
2064,2064,0,167,0,0,655,168,0,0
2065,2065,0,167,0,0,655,168,0,0
2066,2066,0,167,0,0,655,168,0,2
2067,2067,0,167,0,0,655,168,0,2
2068,2068,0,167,0,0,655,168,0,2
2069,2069,0,167,0,0,655,168,0,7
2070,2070,0,167,0,0,655,168,0,7
2071,2071,0,167,0,0,655,168,0,7
2072,2072,0,167,0,0,655,168,0,2
2073,2073,0,167,0,0,655,168,0,2
2074,2074,0,167,0,0,655,168,0,2
2075,2075,0,167,0,0,655,168,0,2
2076,2076,0,167,0,0,655,168,0,7
2077,2077,0,167,0,0,655,168,0,7
2078,2078,0,167,0,0,655,168,0,7
2079,2079,0,167,0,0,655,168,0,2
2080,2080,0,167,0,0,655,168,0,2
2081,2081,0,167,0,0,655,168,0,2
2082,2082,0,167,0,0,655,168,0,2
2083,2083,0,167,0,0,655,168,0,0
2084,2084,0,167,0,0,655,168,0,0
2085,2085,0,167,0,0,655,168,0,0
2086,2086,0,167,0,0,655,168,0,2
2087,2087,0,167,0,0,655,168,0,2
2088,2088,0,167,0,0,655,168,0,2
2089,2089,0,167,0,0,655,168,0,7
2090,2090,0,167,0,0,655,168,0,7
2091,2091,0,167,0,0,655,168,0,7
2092,2092,0,167,0,0,655,168,0,2
2093,2093,0,167,0,0,655,168,0,2
2094,2094,0,167,0,0,655,168,0,2
2095,2095,0,167,0,0,655,168,0,2
2096,2096,0,167,0,0,655,168,0,7
2097,2097,0,167,0,0,655,168,0,7
2098,2098,0,167,0,0,655,168,0,7
2099,2099,0,167,0,0,655,168,0,2
2100,2100,0,167,0,0,655,168,0,2
2101,2101,0,167,0,0,655,168,0,2
2102,2102,0,167,0,0,655,168,0,2
2103,2103,0,167,0,0,655,168,0,0
2104,2104,0,167,0,0,655,168,0,0
2105,2105,0,167,0,0,655,168,0,0
2106,2106,0,167,0,0,655,168,0,2
2107,2107,0,167,0,0,655,168,0,2
2108,2108,0,167,0,0,655,168,0,2
2109,2109,0,167,0,0,655,168,0,7
2110,2110,0,167,0,0,655,168,0,7
2111,2111,0,167,0,0,655,168,0,7
2112,2112,0,167,0,0,655,168,0,2
2113,2113,0,167,0,0,655,168,0,2
2114,2114,0,167,0,0,655,168,0,2
2115,2115,0,167,0,0,655,168,0,2
2116,2116,0,167,0,0,655,168,0,7
2117,2117,0,167,0,0,655,168,0,7
2118,2118,0,167,0,0,655,168,0,7
2119,2119,0,167,0,0,655,168,0,2
2120,2120,0,167,0,0,655,168,0,2
2121,2121,0,167,0,0,655,168,0,2
2122,2122,0,167,0,0,655,168,0,2
2123,2123,0,167,0,0,655,168,0,0
2124,2124,0,167,0,0,655,168,0,0
2125,2125,0,167,0,0,655,168,0,0
2126,2126,0,167,0,0,655,168,0,2
2127,2127,0,167,0,0,655,168,0,2
2128,2128,0,167,0,0,655,168,0,2
2129,2129,0,167,0,0,655,168,0,7
2130,2130,0,167,0,0,655,168,0,7
2131,2131,0,167,0,0,655,168,0,7
2132,2132,0,167,0,0,655,168,0,2
2133,2133,0,167,0,0,655,168,0,2
2134,2134,0,167,0,0,655,168,0,2
2135,2135,0,167,0,0,655,168,0,2
2136,2136,0,167,0,0,655,168,0,7
2137,2137,0,167,0,0,655,168,0,7
2138,2138,0,167,0,0,655,168,0,7
2139,2139,0,167,0,0,655,168,0,2
2140,2140,0,167,0,0,655,168,0,2
2141,2141,0,167,0,0,655,168,0,2
2142,2142,0,167,0,0,655,168,0,2
2143,2143,0,167,0,0,655,168,0,0
2144,2144,0,167,0,0,655,168,0,0
2145,2145,0,167,0,0,655,168,0,0
2146,2146,0,167,0,0,655,168,0,2
2147,2147,0,167,0,0,655,168,0,2
2148,2148,0,167,0,0,655,168,0,2
2149,2149,0,167,0,0,655,168,0,7
2150,2150,0,167,0,0,655,168,0,7
2151,2151,0,167,0,0,655,168,0,7
2152,2152,0,167,0,0,655,168,0,2
2153,2153,0,167,0,0,655,168,0,2
2154,2154,0,167,0,0,655,168,0,2
2155,2155,0,167,0,0,655,168,0,2
2156,2156,0,167,0,0,655,168,0,7
2157,2157,0,167,0,0,655,168,0,7
2158,2158,0,167,0,0,655,168,0,7
2159,2159,0,167,0,0,655,168,0,2
2160,2160,0,167,0,0,655,168,0,2
2161,2161,0,167,0,0,655,168,0,2
2162,2162,0,167,0,0,655,168,0,2
2163,2163,0,167,0,0,655,168,0,0
2164,2164,0,167,0,0,655,168,0,0
2165,2165,0,167,0,0,655,168,0,0
2166,2166,0,167,0,0,655,168,0,2
2167,2167,0,167,0,0,655,168,0,2
2168,2168,0,167,0,0,655,168,0,2
2169,2169,0,167,0,0,655,168,0,7
2170,2170,0,167,0,0,655,168,0,7
2171,2171,0,167,0,0,655,168,0,7
2172,2172,0,167,0,0,655,168,0,2
2173,2173,0,167,0,0,655,168,0,2
2174,2174,0,167,0,0,655,168,0,2
2175,2175,0,167,0,0,655,168,0,2
2176,2176,0,167,0,0,655,168,0,7
2177,2177,0,167,0,0,655,168,0,7
2178,2178,0,167,0,0,655,168,0,7
2179,2179,0,167,0,0,655,168,0,2
2180,2180,0,167,0,0,655,168,0,2
2181,2181,0,167,0,0,655,168,0,2
2182,2182,0,167,0,0,655,168,0,2
2183,2183,0,167,0,0,655,168,0,0
2184,2184,0,167,0,0,655,168,0,0
2185,2185,0,167,0,0,655,168,0,0
2186,2186,0,167,0,0,655,168,0,2
2187,2187,0,167,0,0,655,168,0,2
2188,2188,0,167,0,0,655,168,0,2
2189,2189,0,167,0,0,655,168,0,7
2190,2190,0,167,0,0,655,168,0,7
2191,2191,0,167,0,0,655,168,0,7
2192,2192,0,167,0,0,655,168,0,2
2193,2193,0,167,0,0,655,168,0,2
2194,2194,0,167,0,0,655,168,0,2
2195,2195,0,167,0,0,655,168,0,2
2196,2196,0,167,0,0,655,168,0,7
2197,2197,0,167,0,0,655,168,0,7
2198,2198,0,167,0,0,655,168,0,7
2199,2199,0,167,0,0,655,168,0,2
2200,2200,0,167,0,0,655,168,0,2
2201,2201,0,167,0,0,655,168,0,2
2202,2202,0,167,0,0,655,168,0,2
2203,2203,0,167,0,0,655,168,0,0
2204,2204,0,167,0,0,655,168,0,0
2205,2205,0,167,0,0,655,168,0,0
2206,2206,0,167,0,0,655,168,0,2
2207,2207,0,167,0,0,655,168,0,2
2208,2208,0,167,0,0,655,168,0,2
2209,2209,0,167,0,0,655,168,0,7
2210,2210,0,167,0,0,655,168,0,7
2211,2211,0,167,0,0,655,168,0,7
2212,2212,0,167,0,0,655,168,0,2
2213,2213,0,167,0,0,655,168,0,2
2214,2214,0,167,0,0,655,168,0,2
2215,2215,0,167,0,0,655,168,0,2
2216,2216,0,167,0,0,655,168,0,7
2217,2217,0,167,0,0,655,168,0,7
2218,2218,0,167,0,0,655,168,0,7
2219,2219,0,167,0,0,655,168,0,2
2220,2220,0,167,0,0,655,168,0,2
2221,2221,0,167,0,0,655,168,0,2
2222,2222,0,167,0,0,655,168,0,2
2223,2223,0,167,0,0,655,168,0,0
2224,2224,0,167,0,0,655,168,0,0
2225,2225,0,167,0,0,655,168,0,0
2226,2226,0,167,0,0,655,168,0,2
2227,2227,0,167,0,0,655,168,0,2
2228,2228,0,167,0,0,655,168,0,2
2229,2229,0,167,0,0,655,168,0,7
2230,2230,0,167,0,0,655,168,0,7
2231,2231,0,167,0,0,655,168,0,7
2232,2232,0,167,0,0,655,168,0,2
2233,2233,0,167,0,0,655,168,0,2
2234,2234,0,167,0,0,655,168,0,2
2235,2235,0,167,0,0,655,168,0,2
2236,2236,0,167,0,0,655,168,0,7
2237,2237,0,167,0,0,655,168,0,7
2238,2238,0,167,0,0,655,168,0,7
2239,2239,0,167,0,0,655,168,0,2
2240,2240,0,167,0,0,655,168,0,2
2241,2241,0,167,0,0,655,168,0,2
2242,2242,0,167,0,0,655,168,0,2
2243,2243,0,167,0,0,655,168,0,0
2244,2244,0,167,0,0,655,168,0,0
2245,2245,0,167,0,0,655,168,0,0
2246,2246,0,167,0,0,655,168,0,2
2247,2247,0,167,0,0,655,168,0,2
2248,2248,0,167,0,0,655,168,0,2
2249,2249,0,167,0,0,655,168,0,7
2250,2250,0,167,0,0,655,168,0,7
2251,2251,0,167,0,0,655,168,0,7
2252,2252,0,167,0,0,655,168,0,2
2253,2253,0,167,0,0,655,168,0,2
2254,2254,0,167,0,0,655,168,0,2
2255,2255,0,167,0,0,655,168,0,2
2256,2256,0,167,0,0,655,168,0,7
2257,2257,0,167,0,0,655,168,0,7
2258,2258,0,167,0,0,655,168,0,7
2259,2259,0,167,0,0,655,168,0,2
2260,2260,0,167,0,0,655,168,0,2
2261,2261,0,167,0,0,655,168,0,2
2262,2262,0,167,0,0,655,168,0,2
2263,2263,0,167,0,0,655,168,0,0
2264,2264,0,167,0,0,655,168,0,0
2265,2265,0,167,0,0,655,168,0,0
2266,2266,0,167,0,0,655,168,0,2
2267,2267,0,167,0,0,655,168,0,2
2268,2268,0,167,0,0,655,168,0,2
2269,2269,0,167,0,0,655,168,0,7
2270,2270,0,167,0,0,655,168,0,7
2271,2271,0,167,0,0,655,168,0,7
2272,2272,0,167,0,0,655,168,0,2
2273,2273,0,167,0,0,655,168,0,2
2274,2274,0,167,0,0,655,168,0,2
2275,2275,0,167,0,0,655,168,0,2
2276,2276,0,167,0,0,655,168,0,7
2277,2277,0,167,0,0,655,168,0,7
2278,2278,0,167,0,0,655,168,0,7
2279,2279,0,167,0,0,655,168,0,2
2280,2280,0,167,0,0,655,168,0,2
2281,2281,0,167,0,0,655,168,0,2
2282,2282,0,167,0,0,655,168,0,2
2283,2283,0,167,0,0,655,168,0,0
2284,2284,0,167,0,0,655,168,0,0
2285,2285,0,167,0,0,655,168,0,0
2286,2286,0,167,0,0,655,168,0,2
2287,2287,0,167,0,0,655,168,0,2
2288,2288,0,167,0,0,655,168,0,2
2289,2289,0,167,0,0,655,168,0,7
2290,2290,0,167,0,0,655,168,0,7
2291,2291,0,167,0,0,655,168,0,7
2292,2292,0,167,0,0,655,168,0,2
2293,2293,0,167,0,0,655,168,0,2
2294,2294,0,167,0,0,655,168,0,2
2295,2295,0,167,0,0,655,168,0,2
2296,2296,0,167,0,0,655,168,0,7
2297,2297,0,167,0,0,655,168,0,7
2298,2298,0,167,0,0,655,168,0,7
2299,2299,0,167,0,0,655,168,0,2
2300,2300,0,167,0,0,655,168,0,2
2301,2301,0,167,0,0,655,168,0,2
2302,2302,0,167,0,0,655,168,0,2
2303,2303,0,167,0,0,655,168,0,0
2304,2304,0,167,0,0,655,168,0,0
2305,2305,0,167,0,0,655,168,0,0
2306,2306,0,167,0,0,655,168,0,2
2307,2307,0,167,0,0,655,168,0,2
2308,2308,0,167,0,0,655,168,0,2
2309,2309,0,167,0,0,655,168,0,7
2310,2310,0,167,0,0,655,168,0,7
2311,2311,0,167,0,0,655,168,0,7
2312,2312,0,167,0,0,655,168,0,2
2313,2313,0,167,0,0,655,168,0,2
2314,2314,0,167,0,0,655,168,0,2
2315,2315,0,167,0,0,655,168,0,2
2316,2316,0,167,0,0,655,168,0,7
2317,2317,0,167,0,0,655,168,0,7
2318,2318,0,167,0,0,655,168,0,7
2319,2319,0,167,0,0,655,168,0,2
2320,2320,0,167,0,0,655,168,0,2
2321,2321,0,167,0,0,655,168,0,2
2322,2322,0,167,0,0,655,168,0,2
2323,2323,0,167,0,0,655,168,0,0
2324,2324,0,167,0,0,655,168,0,0
2325,2325,0,167,0,0,655,168,0,0
2326,2326,0,167,0,0,655,168,0,2
2327,2327,0,167,0,0,655,168,0,2
2328,2328,0,167,0,0,655,168,0,2
2329,2329,0,167,0,0,655,168,0,7
2330,2330,0,167,0,0,655,168,0,7
2331,2331,0,167,0,0,655,168,0,7
2332,2332,0,167,0,0,655,168,0,2
2333,2333,0,167,0,0,655,168,0,2
2334,2334,0,167,0,0,655,168,0,2
2335,2335,0,167,0,0,655,168,0,2
2336,2336,0,167,0,0,655,168,0,7
2337,2337,0,167,0,0,655,168,0,7
2338,2338,0,167,0,0,655,168,0,7
2339,2339,0,167,0,0,655,168,0,2
2340,2340,0,167,0,0,655,168,0,2
2341,2341,0,167,0,0,655,168,0,2
2342,2342,0,167,0,0,655,168,0,2
2343,2343,0,167,0,0,655,168,0,0
2344,2344,0,167,0,0,655,168,0,0
2345,2345,0,167,0,0,655,168,0,0
2346,2346,0,167,0,0,655,168,0,2
2347,2347,0,167,0,0,655,168,0,2
2348,2348,0,167,0,0,655,168,0,2
2349,2349,0,167,0,0,655,168,0,7
2350,2350,0,167,0,0,655,168,0,7
2351,2351,0,167,0,0,655,168,0,7
2352,2352,0,167,0,0,655,168,0,2
2353,2353,0,167,0,0,655,168,0,2
2354,2354,0,167,0,0,655,168,0,2
2355,2355,0,167,0,0,655,168,0,2
2356,2356,0,167,0,0,655,168,0,7
2357,2357,0,167,0,0,655,168,0,7
2358,2358,0,167,0,0,655,168,0,7
2359,2359,0,167,0,0,655,168,0,2
2360,2360,0,167,0,0,655,168,0,2
2361,2361,0,167,0,0,655,168,0,2
2362,2362,0,167,0,0,655,168,0,2
2363,2363,0,167,0,0,655,168,0,0
2364,2364,0,167,0,0,655,168,0,0
2365,2365,0,167,0,0,655,168,0,0
2366,2366,0,167,0,0,655,168,0,2
2367,2367,0,167,0,0,655,168,0,2
2368,2368,0,167,0,0,655,168,0,2
2369,2369,0,167,0,0,655,168,0,7
2370,2370,0,167,0,0,655,168,0,7
2371,2371,0,167,0,0,655,168,0,7
2372,2372,0,167,0,0,655,168,0,2
2373,2373,0,167,0,0,655,168,0,2
2374,2374,0,167,0,0,655,168,0,2
2375,2375,0,167,0,0,655,168,0,2
2376,2376,0,167,0,0,655,168,0,7
2377,2377,0,167,0,0,655,168,0,7
2378,2378,0,167,0,0,655,168,0,7
2379,2379,0,167,0,0,655,168,0,2
2380,2380,0,167,0,0,655,168,0,2
2381,2381,0,167,0,0,655,168,0,2
2382,2382,0,167,0,0,655,168,0,2
2383,2383,0,167,0,0,655,168,0,0
2384,2384,0,167,0,0,655,168,0,0
2385,2385,0,167,0,0,655,168,0,0
2386,2386,0,167,0,0,655,168,0,2
2387,2387,0,167,0,0,655,168,0,2
2388,2388,0,167,0,0,655,168,0,2
2389,2389,0,167,0,0,655,168,0,7
2390,2390,0,167,0,0,655,168,0,7
2391,2391,0,167,0,0,655,168,0,7
2392,2392,0,167,0,0,655,168,0,2
2393,2393,0,167,0,0,655,168,0,2
2394,2394,0,167,0,0,655,168,0,2
2395,2395,0,167,0,0,655,168,0,2
2396,2396,0,167,0,0,655,168,0,7
2397,2397,0,167,0,0,655,168,0,7
2398,2398,0,167,0,0,655,168,0,7
2399,2399,0,167,0,0,655,168,0,2
2400,2400,0,167,0,0,655,168,0,2
2401,2401,0,167,0,0,655,168,0,2
2402,2402,0,167,0,0,655,168,0,2
2403,2403,0,167,0,0,655,168,0,0
2404,2404,0,167,0,0,655,168,0,0
2405,2405,0,167,0,0,655,168,0,0
2406,2406,0,167,0,0,655,168,0,2
2407,2407,0,167,0,0,655,168,0,2
2408,2408,0,167,0,0,655,168,0,2
2409,2409,0,167,0,0,655,168,0,7
2410,2410,0,167,0,0,655,168,0,7
2411,2411,0,167,0,0,655,168,0,7
2412,2412,0,167,0,0,655,168,0,2
2413,2413,0,167,0,0,655,168,0,2
2414,2414,0,167,0,0,655,168,0,2
2415,2415,0,167,0,0,655,168,0,2
2416,2416,0,167,0,0,655,168,0,7
2417,2417,0,167,0,0,655,168,0,7
2418,2418,0,167,0,0,655,168,0,7
2419,2419,0,167,0,0,655,168,0,2
2420,2420,0,167,0,0,655,168,0,2
2421,2421,0,167,0,0,655,168,0,2
2422,2422,0,167,0,0,655,168,0,2
2423,2423,0,167,0,0,655,168,0,0
2424,2424,0,167,0,0,655,168,0,0
2425,2425,0,167,0,0,655,168,0,0
2426,2426,0,167,0,0,655,168,0,2
2427,2427,0,167,0,0,655,168,0,2
2428,2428,0,167,0,0,655,168,0,2
2429,2429,0,167,0,0,655,168,0,7
2430,2430,0,167,0,0,655,168,0,7
2431,2431,0,167,0,0,655,168,0,7
2432,2432,0,167,0,0,655,168,0,2
2433,2433,0,167,0,0,655,168,0,2
2434,2434,0,167,0,0,655,168,0,2
2435,2435,0,167,0,0,655,168,0,2
2436,2436,0,167,0,0,655,168,0,7
2437,2437,0,167,0,0,655,168,0,7
2438,2438,0,167,0,0,655,168,0,7
2439,2439,0,167,0,0,655,168,0,2
2440,2440,0,167,0,0,655,168,0,2
2441,2441,0,167,0,0,655,168,0,2
2442,2442,0,167,0,0,655,168,0,2
2443,2443,0,167,0,0,655,168,0,0
2444,2444,0,167,0,0,655,168,0,0
2445,2445,0,167,0,0,655,168,0,0
2446,2446,0,167,0,0,655,168,0,2
2447,2447,0,167,0,0,655,168,0,2
2448,2448,0,167,0,0,655,168,0,2
2449,2449,0,167,0,0,655,168,0,7
2450,2450,0,167,0,0,655,168,0,7
2451,2451,0,167,0,0,655,168,0,7
2452,2452,0,167,0,0,655,168,0,2
2453,2453,0,167,0,0,655,168,0,2
2454,2454,0,167,0,0,655,168,0,2
2455,2455,0,167,0,0,655,168,0,2
2456,2456,0,167,0,0,655,168,0,7
2457,2457,0,167,0,0,655,168,0,7
2458,2458,0,167,0,0,655,168,0,7
2459,2459,0,167,0,0,655,168,0,2
2460,2460,0,167,0,0,655,168,0,2
2461,2461,0,167,0,0,655,168,0,2
2462,2462,0,167,0,0,655,168,0,2
2463,2463,0,167,0,0,655,168,0,0
2464,2464,0,167,0,0,655,168,0,0
2465,2465,0,167,0,0,655,168,0,0
2466,2466,0,167,0,0,655,168,0,2
2467,2467,0,167,0,0,655,168,0,2
2468,2468,0,167,0,0,655,168,0,2
2469,2469,0,167,0,0,655,168,0,7
2470,2470,0,167,0,0,655,168,0,7
2471,2471,0,167,0,0,655,168,0,7
2472,2472,0,167,0,0,655,168,0,2
2473,2473,0,167,0,0,655,168,0,2
2474,2474,0,167,0,0,655,168,0,2
2475,2475,0,167,0,0,655,168,0,2
2476,2476,0,167,0,0,655,168,0,7
2477,2477,0,167,0,0,655,168,0,7
2478,2478,0,167,0,0,655,168,0,7
2479,2479,0,167,0,0,655,168,0,2
2480,2480,0,167,0,0,655,168,0,2
2481,2481,0,167,0,0,655,168,0,2
2482,2482,0,167,0,0,655,168,0,2
2483,2483,0,167,0,0,655,168,0,0
2484,2484,0,167,0,0,655,168,0,0
2485,2485,0,167,0,0,655,168,0,0
2486,2486,0,167,0,0,655,168,0,2
2487,2487,0,167,0,0,655,168,0,2
2488,2488,0,167,0,0,655,168,0,2
2489,2489,0,167,0,0,655,168,0,7
2490,2490,0,167,0,0,655,168,0,7
2491,2491,0,167,0,0,655,168,0,7
2492,2492,0,167,0,0,655,168,0,2
2493,2493,0,167,0,0,655,168,0,2
2494,2494,0,167,0,0,655,168,0,2
2495,2495,0,167,0,0,655,168,0,2
2496,2496,0,167,0,0,655,168,0,7
2497,2497,0,167,0,0,655,168,0,7
2498,2498,0,167,0,0,655,168,0,7
2499,2499,0,167,0,0,655,168,0,2
2500,2500,0,167,0,0,655,168,0,2
2501,2501,0,167,0,0,655,168,0,2
2502,2502,0,167,0,0,655,168,0,2
2503,2503,0,167,0,0,655,168,0,0
2504,2504,0,167,0,0,655,168,0,0
2505,2505,0,167,0,0,655,168,0,0
2506,2506,0,167,0,0,655,168,0,2
2507,2507,0,167,0,0,655,168,0,2
2508,2508,0,167,0,0,655,168,0,2
2509,2509,0,167,0,0,655,168,0,7
2510,2510,0,167,0,0,655,168,0,7
2511,2511,0,167,0,0,655,168,0,7
2512,2512,0,167,0,0,655,168,0,2
2513,2513,0,167,0,0,655,168,0,2
2514,2514,0,167,0,0,655,168,0,2
2515,2515,0,167,0,0,655,168,0,2
2516,2516,0,167,0,0,655,168,0,7
2517,2517,0,167,0,0,655,168,0,7
2518,2518,0,167,0,0,655,168,0,7
2519,2519,0,167,0,0,655,168,0,2
2520,2520,0,167,0,0,655,168,0,2
2521,2521,0,167,0,0,655,168,0,2
2522,2522,0,167,0,0,655,168,0,2
2523,2523,0,167,0,0,655,168,0,0
2524,2524,0,167,0,0,655,168,0,0
2525,2525,0,167,0,0,655,168,0,0
2526,2526,0,167,0,0,655,168,0,2
2527,2527,0,167,0,0,655,168,0,2
2528,2528,0,167,0,0,655,168,0,2
2529,2529,0,167,0,0,655,168,0,7
2530,2530,0,167,0,0,655,168,0,7
2531,2531,0,167,0,0,655,168,0,7
2532,2532,0,167,0,0,655,168,0,2
2533,2533,0,167,0,0,655,168,0,2
2534,2534,0,167,0,0,655,168,0,2
2535,2535,0,167,0,0,655,168,0,2
2536,2536,0,167,0,0,655,168,0,7
2537,2537,0,167,0,0,655,168,0,7
2538,2538,0,167,0,0,655,168,0,7
2539,2539,0,167,0,0,655,168,0,2
2540,2540,0,167,0,0,655,168,0,2
2541,2541,0,167,0,0,655,168,0,2
2542,2542,0,167,0,0,655,168,0,2
2543,2543,0,167,0,0,655,168,0,0
2544,2544,0,167,0,0,655,168,0,0
2545,2545,0,167,0,0,655,168,0,0
2546,2546,0,167,0,0,655,168,0,2
2547,2547,0,167,0,0,655,168,0,2
2548,2548,0,167,0,0,655,168,0,2
2549,2549,0,167,0,0,655,168,0,7
2550,2550,0,167,0,0,655,168,0,7
2551,2551,0,167,0,0,655,168,0,7
2552,2552,0,167,0,0,655,168,0,2
2553,2553,0,167,0,0,655,168,0,2
2554,2554,0,167,0,0,655,168,0,2
2555,2555,0,167,0,0,655,168,0,2
2556,2556,0,167,0,0,655,168,0,7
2557,2557,0,167,0,0,655,168,0,7
2558,2558,0,167,0,0,655,168,0,7
2559,2559,0,167,0,0,655,168,0,2
2560,2560,0,167,0,0,655,168,0,2
2561,2561,0,167,0,0,655,168,0,2
2562,2562,0,167,0,0,655,168,0,2
2563,2563,0,167,0,0,655,168,0,0
2564,2564,0,167,0,0,655,168,0,0
2565,2565,0,167,0,0,655,168,0,0
2566,2566,0,167,0,0,655,168,0,2
2567,2567,0,167,0,0,655,168,0,2
2568,2568,0,167,0,0,655,168,0,2
2569,2569,0,167,0,0,655,168,0,7
2570,2570,0,167,0,0,655,168,0,7
2571,2571,0,167,0,0,655,168,0,7
2572,2572,0,167,0,0,655,168,0,2
2573,2573,0,167,0,0,655,168,0,2
2574,2574,0,167,0,0,655,168,0,2
2575,2575,0,167,0,0,655,168,0,2
2576,2576,0,167,0,0,655,168,0,7
2577,2577,0,167,0,0,655,168,0,7
2578,2578,0,167,0,0,655,168,0,7
2579,2579,0,167,0,0,655,168,0,2
2580,2580,0,167,0,0,655,168,0,2
2581,2581,0,167,0,0,655,168,0,2
2582,2582,0,167,0,0,655,168,0,2
2583,2583,0,167,0,0,655,168,0,0
2584,2584,0,167,0,0,655,168,0,0
2585,2585,0,167,0,0,655,168,0,0
2586,2586,0,167,0,0,655,168,0,2
2587,2587,0,167,0,0,655,168,0,2
2588,2588,0,167,0,0,655,168,0,2
2589,2589,0,167,0,0,655,168,0,7
2590,2590,0,167,0,0,655,168,0,7
2591,2591,0,167,0,0,655,168,0,7
2592,2592,0,167,0,0,655,168,0,2
2593,2593,0,167,0,0,655,168,0,2
2594,2594,0,167,0,0,655,168,0,2
2595,2595,0,167,0,0,655,168,0,2
2596,2596,0,167,0,0,655,168,0,7
2597,2597,0,167,0,0,655,168,0,7
2598,2598,0,167,0,0,655,168,0,7
2599,2599,0,167,0,0,655,168,0,2
2600,2600,0,167,0,0,655,168,0,2
2601,2601,0,167,0,0,655,168,0,2
2602,2602,0,167,0,0,655,168,0,2
2603,2603,0,167,0,0,655,168,0,0
2604,2604,0,167,0,0,655,168,0,0
2605,2605,0,167,0,0,655,168,0,0
2606,2606,0,167,0,0,655,168,0,2
2607,2607,0,167,0,0,655,168,0,2
2608,2608,0,167,0,0,655,168,0,2
2609,2609,0,167,0,0,655,168,0,7
2610,2610,0,167,0,0,655,168,0,7
2611,2611,0,167,0,0,655,168,0,7
2612,2612,0,167,0,0,655,168,0,2
2613,2613,0,167,0,0,655,168,0,2
2614,2614,0,167,0,0,655,168,0,2
2615,2615,0,167,0,0,655,168,0,2
2616,2616,0,167,0,0,655,168,0,7
2617,2617,0,167,0,0,655,168,0,7
2618,2618,0,167,0,0,655,168,0,7
2619,2619,0,167,0,0,655,168,0,2
2620,2620,0,167,0,0,655,168,0,2
2621,2621,0,167,0,0,655,168,0,2
2622,2622,0,167,0,0,655,168,0,2
2623,2623,0,167,0,0,655,168,0,0
2624,2624,0,167,0,0,655,168,0,0
2625,2625,0,167,0,0,655,168,0,0
2626,2626,0,167,0,0,655,168,0,2
2627,2627,0,167,0,0,655,168,0,2
2628,2628,0,167,0,0,655,168,0,2
2629,2629,0,167,0,0,655,168,0,7
2630,2630,0,167,0,0,655,168,0,7
2631,2631,0,167,0,0,655,168,0,7
2632,2632,0,167,0,0,655,168,0,2
2633,2633,0,167,0,0,655,168,0,2
2634,2634,0,167,0,0,655,168,0,2
2635,2635,0,167,0,0,655,168,0,2
2636,2636,0,167,0,0,655,168,0,7
2637,2637,0,167,0,0,655,168,0,7
2638,2638,0,167,0,0,655,168,0,7
2639,2639,0,167,0,0,655,168,0,2
2640,2640,0,167,0,0,655,168,0,2
2641,2641,0,167,0,0,655,168,0,2
2642,2642,0,167,0,0,655,168,0,2
2643,2643,0,167,0,0,655,168,0,0
2644,2644,0,167,0,0,655,168,0,0
2645,2645,0,167,0,0,655,168,0,0
2646,2646,0,167,0,0,655,168,0,2
2647,2647,0,167,0,0,655,168,0,2
2648,2648,0,167,0,0,655,168,0,2
2649,2649,0,167,0,0,655,168,0,7
2650,2650,0,167,0,0,655,168,0,7
2651,2651,0,167,0,0,655,168,0,7
2652,2652,0,167,0,0,655,168,0,2
2653,2653,0,167,0,0,655,168,0,2
2654,2654,0,167,0,0,655,168,0,2
2655,2655,0,167,0,0,655,168,0,2
2656,2656,0,167,0,0,655,168,0,7
2657,2657,0,167,0,0,655,168,0,7
2658,2658,0,167,0,0,655,168,0,7
2659,2659,0,167,0,0,655,168,0,2
2660,2660,0,167,0,0,655,168,0,2
2661,2661,0,167,0,0,655,168,0,2
2662,2662,0,167,0,0,655,168,0,2
2663,2663,0,167,0,0,655,168,0,0
2664,2664,0,167,0,0,655,168,0,0
2665,2665,0,167,0,0,655,168,0,0
2666,2666,0,167,0,0,655,168,0,2
2667,2667,0,167,0,0,655,168,0,2
2668,2668,0,167,0,0,655,168,0,2
2669,2669,0,167,0,0,655,168,0,7
2670,2670,0,167,0,0,655,168,0,7
2671,2671,0,167,0,0,655,168,0,7
2672,2672,0,167,0,0,655,168,0,2
2673,2673,0,167,0,0,655,168,0,2
2674,2674,0,167,0,0,655,168,0,2
2675,2675,0,167,0,0,655,168,0,2
2676,2676,0,167,0,0,655,168,0,7
2677,2677,0,167,0,0,655,168,0,7
2678,2678,0,167,0,0,655,168,0,7
2679,2679,0,167,0,0,655,168,0,2
2680,2680,0,167,0,0,655,168,0,2
2681,2681,0,167,0,0,655,168,0,2
2682,2682,0,167,0,0,655,168,0,2
2683,2683,0,167,0,0,655,168,0,0
2684,2684,0,167,0,0,655,168,0,0
2685,2685,0,167,0,0,655,168,0,0
2686,2686,0,167,0,0,655,168,0,2
2687,2687,0,167,0,0,655,168,0,2
2688,2688,0,167,0,0,655,168,0,2
2689,2689,0,167,0,0,655,168,0,7
2690,2690,0,167,0,0,655,168,0,7
2691,2691,0,167,0,0,655,168,0,7
2692,2692,0,167,0,0,655,168,0,2
2693,2693,0,167,0,0,655,168,0,2
2694,2694,0,167,0,0,655,168,0,2
2695,2695,0,167,0,0,655,168,0,2
2696,2696,0,167,0,0,655,168,0,7
2697,2697,0,167,0,0,655,168,0,7
2698,2698,0,167,0,0,655,168,0,7
2699,2699,0,167,0,0,655,168,0,2
2700,2700,0,167,0,0,655,168,0,2
2701,2701,0,167,0,0,655,168,0,2
2702,2702,0,167,0,0,655,168,0,2
2703,2703,0,167,0,0,655,168,0,0
2704,2704,0,167,0,0,655,168,0,0
2705,2705,0,167,0,0,655,168,0,0
2706,2706,0,167,0,0,655,168,0,2
2707,2707,0,167,0,0,655,168,0,2
2708,2708,0,167,0,0,655,168,0,2
2709,2709,0,167,0,0,655,168,0,7
2710,2710,0,167,0,0,655,168,0,7
2711,2711,0,167,0,0,655,168,0,7
2712,2712,0,167,0,0,655,168,0,2
2713,2713,0,167,0,0,655,168,0,2
2714,2714,0,167,0,0,655,168,0,2
2715,2715,0,167,0,0,655,168,0,2
2716,2716,0,167,0,0,655,168,0,7
2717,2717,0,167,0,0,655,168,0,7
2718,2718,0,167,0,0,655,168,0,7
2719,2719,0,167,0,0,655,168,0,2
2720,2720,0,167,0,0,655,168,0,2
2721,2721,0,167,0,0,655,168,0,2
2722,2722,0,167,0,0,655,168,0,2
2723,2723,0,167,0,0,655,168,0,0
2724,2724,0,167,0,0,655,168,0,0
2725,2725,0,167,0,0,655,168,0,0
2726,2726,0,167,0,0,655,168,0,2
2727,2727,0,167,0,0,655,168,0,2
2728,2728,0,167,0,0,655,168,0,2
2729,2729,0,167,0,0,655,168,0,7
2730,2730,0,167,0,0,655,168,0,7
2731,2731,0,167,0,0,655,168,0,7
2732,2732,0,167,0,0,655,168,0,2
2733,2733,0,167,0,0,655,168,0,2
2734,2734,0,167,0,0,655,168,0,2
2735,2735,0,167,0,0,655,168,0,2
2736,2736,0,167,0,0,655,168,0,7
2737,2737,0,167,0,0,655,168,0,7
2738,2738,0,167,0,0,655,168,0,7
2739,2739,0,167,0,0,655,168,0,2
2740,2740,0,167,0,0,655,168,0,2
2741,2741,0,167,0,0,655,168,0,2
2742,2742,0,167,0,0,655,168,0,2
2743,2743,0,167,0,0,655,168,0,0
2744,2744,0,167,0,0,655,168,0,0
2745,2745,0,167,0,0,655,168,0,0
2746,2746,0,167,0,0,655,168,0,2
2747,2747,0,167,0,0,655,168,0,2
2748,2748,0,167,0,0,655,168,0,2
2749,2749,0,167,0,0,655,168,0,7
2750,2750,0,167,0,0,655,168,0,7
2751,2751,0,167,0,0,655,168,0,7
2752,2752,0,167,0,0,655,168,0,2
2753,2753,0,167,0,0,655,168,0,2
2754,2754,0,167,0,0,655,168,0,2
2755,2755,0,167,0,0,655,168,0,2
2756,2756,0,167,0,0,655,168,0,7
2757,2757,0,167,0,0,655,168,0,7
2758,2758,0,167,0,0,655,168,0,7
2759,2759,0,167,0,0,655,168,0,2
2760,2760,0,167,0,0,655,168,0,2
2761,2761,0,167,0,0,655,168,0,2
2762,2762,0,167,0,0,655,168,0,2
2763,2763,0,167,0,0,655,168,0,0
2764,2764,0,167,0,0,655,168,0,0
2765,2765,0,167,0,0,655,168,0,0
2766,2766,0,167,0,0,655,168,0,2
2767,2767,0,167,0,0,655,168,0,2
2768,2768,0,167,0,0,655,168,0,2
2769,2769,0,167,0,0,655,168,0,7
2770,2770,0,167,0,0,655,168,0,7
2771,2771,0,167,0,0,655,168,0,7
2772,2772,0,167,0,0,655,168,0,2
2773,2773,0,167,0,0,655,168,0,2
2774,2774,0,167,0,0,655,168,0,2
2775,2775,0,167,0,0,655,168,0,2
2776,2776,0,167,0,0,655,168,0,7
2777,2777,0,167,0,0,655,168,0,7
2778,2778,0,167,0,0,655,168,0,7
2779,2779,0,167,0,0,655,168,0,2
2780,2780,0,167,0,0,655,168,0,2
2781,2781,0,167,0,0,655,168,0,2
2782,2782,0,167,0,0,655,168,0,2
2783,2783,0,167,0,0,655,168,0,0
2784,2784,0,167,0,0,655,168,0,0
2785,2785,0,167,0,0,655,168,0,0
2786,2786,0,167,0,0,655,168,0,2
2787,2787,0,167,0,0,655,168,0,2
2788,2788,0,167,0,0,655,168,0,2
2789,2789,0,167,0,0,655,168,0,7
2790,2790,0,167,0,0,655,168,0,7
2791,2791,0,167,0,0,655,168,0,7
2792,2792,0,167,0,0,655,168,0,2
2793,2793,0,167,0,0,655,168,0,2
2794,2794,0,167,0,0,655,168,0,2
2795,2795,0,167,0,0,655,168,0,2
2796,2796,0,167,0,0,655,168,0,7
2797,2797,0,167,0,0,655,168,0,7
2798,2798,0,167,0,0,655,168,0,7
2799,2799,0,167,0,0,655,168,0,2
2800,2800,0,167,0,0,655,168,0,2
2801,2801,0,167,0,0,655,168,0,2
2802,2802,0,167,0,0,655,168,0,2
2803,2803,0,167,0,0,655,168,0,0
2804,2804,0,167,0,0,655,168,0,0
2805,2805,0,167,0,0,655,168,0,0
2806,2806,0,167,0,0,655,168,0,2
2807,2807,0,167,0,0,655,168,0,2
2808,2808,0,167,0,0,655,168,0,2
2809,2809,0,167,0,0,655,168,0,7
2810,2810,0,167,0,0,655,168,0,7
2811,2811,0,167,0,0,655,168,0,7
2812,2812,0,167,0,0,655,168,0,2
2813,2813,0,167,0,0,655,168,0,2
2814,2814,0,167,0,0,655,168,0,2
2815,2815,0,167,0,0,655,168,0,2
2816,2816,0,167,0,0,655,168,0,7
2817,2817,0,167,0,0,655,168,0,7
2818,2818,0,167,0,0,655,168,0,7
2819,2819,0,167,0,0,655,168,0,2
2820,2820,0,167,0,0,655,168,0,2
2821,2821,0,167,0,0,655,168,0,2
2822,2822,0,167,0,0,655,168,0,2
2823,2823,0,167,0,0,655,168,0,0
2824,2824,0,167,0,0,655,168,0,0
2825,2825,0,167,0,0,655,168,0,0
2826,2826,0,167,0,0,655,168,0,2
2827,2827,0,167,0,0,655,168,0,2
2828,2828,0,167,0,0,655,168,0,2
2829,2829,0,167,0,0,655,168,0,7
2830,2830,0,167,0,0,655,168,0,7
2831,2831,0,167,0,0,655,168,0,7
2832,2832,0,167,0,0,655,168,0,2
2833,2833,0,167,0,0,655,168,0,2
2834,2834,0,167,0,0,655,168,0,2
2835,2835,0,167,0,0,655,168,0,2
2836,2836,0,167,0,0,655,168,0,7
2837,2837,0,167,0,0,655,168,0,7
2838,2838,0,167,0,0,655,168,0,7
2839,2839,0,167,0,0,655,168,0,2
2840,2840,0,167,0,0,655,168,0,2
2841,2841,0,167,0,0,655,168,0,2
2842,2842,0,167,0,0,655,168,0,2
2843,2843,0,167,0,0,655,168,0,0
2844,2844,0,167,0,0,655,168,0,0
2845,2845,0,167,0,0,655,168,0,0
2846,2846,0,167,0,0,655,168,0,2
2847,2847,0,167,0,0,655,168,0,2
2848,2848,0,167,0,0,655,168,0,2
2849,2849,0,167,0,0,655,168,0,7
2850,2850,0,167,0,0,655,168,0,7
2851,2851,0,167,0,0,655,168,0,7
2852,2852,0,167,0,0,655,168,0,2
2853,2853,0,167,0,0,655,168,0,2
2854,2854,0,167,0,0,655,168,0,2
2855,2855,0,167,0,0,655,168,0,2
2856,2856,0,167,0,0,655,168,0,7
2857,2857,0,167,0,0,655,168,0,7
2858,2858,0,167,0,0,655,168,0,7
2859,2859,0,167,0,0,655,168,0,2
2860,2860,0,167,0,0,655,168,0,2
2861,2861,0,167,0,0,655,168,0,2
2862,2862,0,167,0,0,655,168,0,2
2863,2863,0,167,0,0,655,168,0,0
2864,2864,0,167,0,0,655,168,0,0
2865,2865,0,167,0,0,655,168,0,0
2866,2866,0,167,0,0,655,168,0,2
2867,2867,0,167,0,0,655,168,0,2
2868,2868,0,167,0,0,655,168,0,2
2869,2869,0,167,0,0,655,168,0,7
2870,2870,0,167,0,0,655,168,0,7
2871,2871,0,167,0,0,655,168,0,7
2872,2872,0,167,0,0,655,168,0,2
2873,2873,0,167,0,0,655,168,0,2
2874,2874,0,167,0,0,655,168,0,2
2875,2875,0,167,0,0,655,168,0,2
2876,2876,0,167,0,0,655,168,0,7
2877,2877,0,167,0,0,655,168,0,7
2878,2878,0,167,0,0,655,168,0,7
2879,2879,0,167,0,0,655,168,0,2
2880,2880,0,167,0,0,655,168,0,2
2881,2881,0,167,0,0,655,168,0,2
2882,2882,0,167,0,0,655,168,0,2
2883,2883,0,167,0,0,655,168,0,0
2884,2884,0,167,0,0,655,168,0,0
2885,2885,0,167,0,0,655,168,0,0
2886,2886,0,167,0,0,655,168,0,2
2887,2887,0,167,0,0,655,168,0,2
2888,2888,0,167,0,0,655,168,0,2
2889,2889,0,167,0,0,655,168,0,7
2890,2890,0,167,0,0,655,168,0,7
2891,2891,0,167,0,0,655,168,0,7
2892,2892,0,167,0,0,655,168,0,2
2893,2893,0,167,0,0,655,168,0,2
2894,2894,0,167,0,0,655,168,0,2
2895,2895,0,167,0,0,655,168,0,2
2896,2896,0,167,0,0,655,168,0,7
2897,2897,0,167,0,0,655,168,0,7
2898,2898,0,167,0,0,655,168,0,7
2899,2899,0,167,0,0,655,168,0,2
2900,2900,0,167,0,0,655,168,0,2
2901,2901,0,167,0,0,655,168,0,2
2902,2902,0,167,0,0,655,168,0,2
2903,2903,0,167,0,0,655,168,0,0
2904,2904,0,167,0,0,655,168,0,0
2905,2905,0,167,0,0,655,168,0,0
2906,2906,0,167,0,0,655,168,0,2
2907,2907,0,167,0,0,655,168,0,2
2908,2908,0,167,0,0,655,168,0,2
2909,2909,0,167,0,0,655,168,0,7
2910,2910,0,167,0,0,655,168,0,7
2911,2911,0,167,0,0,655,168,0,7
2912,2912,0,167,0,0,655,168,0,2
2913,2913,0,167,0,0,655,168,0,2
2914,2914,0,167,0,0,655,168,0,2
2915,2915,0,167,0,0,655,168,0,2
2916,2916,0,167,0,0,655,168,0,7
2917,2917,0,167,0,0,655,168,0,7
2918,2918,0,167,0,0,655,168,0,7
2919,2919,0,167,0,0,655,168,0,2
2920,2920,0,167,0,0,655,168,0,2
2921,2921,0,167,0,0,655,168,0,2
2922,2922,0,167,0,0,655,168,0,2
2923,2923,0,167,0,0,655,168,0,0
2924,2924,0,167,0,0,655,168,0,0
2925,2925,0,167,0,0,655,168,0,0
2926,2926,0,167,0,0,655,168,0,2
2927,2927,0,167,0,0,655,168,0,2
2928,2928,0,167,0,0,655,168,0,2
2929,2929,0,167,0,0,655,168,0,7
2930,2930,0,167,0,0,655,168,0,7
2931,2931,0,167,0,0,655,168,0,7
2932,2932,0,167,0,0,655,168,0,2
2933,2933,0,167,0,0,655,168,0,2
2934,2934,0,167,0,0,655,168,0,2
2935,2935,0,167,0,0,655,168,0,2
2936,2936,0,167,0,0,655,168,0,7
2937,2937,0,167,0,0,655,168,0,7
2938,2938,0,167,0,0,655,168,0,7
2939,2939,0,167,0,0,655,168,0,2
2940,2940,0,167,0,0,655,168,0,2
2941,2941,0,167,0,0,655,168,0,2
2942,2942,0,167,0,0,655,168,0,2
2943,2943,0,167,0,0,655,168,0,0
2944,2944,0,167,0,0,655,168,0,0
2945,2945,0,167,0,0,655,168,0,0
2946,2946,0,167,0,0,655,168,0,2
2947,2947,0,167,0,0,655,168,0,2
2948,2948,0,167,0,0,655,168,0,2
2949,2949,0,167,0,0,655,168,0,7
2950,2950,0,167,0,0,655,168,0,7
2951,2951,0,167,0,0,655,168,0,7
2952,2952,0,167,0,0,655,168,0,2
2953,2953,0,167,0,0,655,168,0,2
2954,2954,0,167,0,0,655,168,0,2
2955,2955,0,167,0,0,655,168,0,2
2956,2956,0,167,0,0,655,168,0,7
2957,2957,0,167,0,0,655,168,0,7
2958,2958,0,167,0,0,655,168,0,7
2959,2959,0,167,0,0,655,168,0,2
2960,2960,0,167,0,0,655,168,0,2
2961,2961,0,167,0,0,655,168,0,2
2962,2962,0,167,0,0,655,168,0,2
2963,2963,0,167,0,0,655,168,0,0
2964,2964,0,167,0,0,655,168,0,0
2965,2965,0,167,0,0,655,168,0,0
2966,2966,0,167,0,0,655,168,0,2
2967,2967,0,167,0,0,655,168,0,2
2968,2968,0,167,0,0,655,168,0,2
2969,2969,0,167,0,0,655,168,0,7
2970,2970,0,167,0,0,655,168,0,7
2971,2971,0,167,0,0,655,168,0,7
2972,2972,0,167,0,0,655,168,0,2
2973,2973,0,167,0,0,655,168,0,2
2974,2974,0,167,0,0,655,168,0,2
2975,2975,0,167,0,0,655,168,0,2
2976,2976,0,167,0,0,655,168,0,7
2977,2977,0,167,0,0,655,168,0,7
2978,2978,0,167,0,0,655,168,0,7
2979,2979,0,167,0,0,655,168,0,2
2980,2980,0,167,0,0,655,168,0,2
2981,2981,0,167,0,0,655,168,0,2
2982,2982,0,167,0,0,655,168,0,2
2983,2983,0,167,0,0,655,168,0,0
2984,2984,0,167,0,0,655,168,0,0
2985,2985,0,167,0,0,655,168,0,0
2986,2986,0,167,0,0,655,168,0,2
2987,2987,0,167,0,0,655,168,0,2
2988,2988,0,167,0,0,655,168,0,2
2989,2989,0,167,0,0,655,168,0,7
2990,2990,0,167,0,0,655,168,0,7
2991,2991,0,167,0,0,655,168,0,7
2992,2992,0,167,0,0,655,168,0,2
2993,2993,0,167,0,0,655,168,0,2
2994,2994,0,167,0,0,655,168,0,2
2995,2995,0,167,0,0,655,168,0,2
2996,2996,0,167,0,0,655,168,0,7
2997,2997,0,167,0,0,655,168,0,7
2998,2998,0,167,0,0,655,168,0,7
2999,2999,0,167,0,0,655,168,0,2
3000,3000,0,167,0,0,655,168,0,2
3001,3001,0,167,0,0,655,168,0,2
3002,3002,0,167,0,0,655,168,0,2
3003,3003,0,167,0,0,655,168,0,0
3004,3004,0,167,0,0,655,168,0,0
3005,3005,0,167,0,0,655,168,0,0
3006,3006,0,167,0,0,655,168,0,2
3007,3007,0,167,0,0,655,168,0,2
3008,3008,0,167,0,0,655,168,0,2
3009,3009,0,167,0,0,655,168,0,7
3010,3010,0,167,0,0,655,168,0,7
3011,3011,0,167,0,0,655,168,0,7
3012,3012,0,167,0,0,655,168,0,2
3013,3013,0,167,0,0,655,168,0,2
3014,3014,0,167,0,0,655,168,0,2
3015,3015,0,167,0,0,655,168,0,2
3016,3016,0,167,0,0,655,168,0,7
3017,3017,0,167,0,0,655,168,0,7
3018,3018,0,167,0,0,655,168,0,7
3019,3019,0,167,0,0,655,168,0,2
3020,3020,0,167,0,0,655,168,0,2
3021,3021,0,167,0,0,655,168,0,2
3022,3022,0,167,0,0,655,168,0,2
3023,3023,0,167,0,0,655,168,0,0
3024,3024,0,167,0,0,655,168,0,0
3025,3025,0,167,0,0,655,168,0,0
3026,3026,0,167,0,0,655,168,0,2
3027,3027,0,167,0,0,655,168,0,2
3028,3028,0,167,0,0,655,168,0,2
3029,3029,0,167,0,0,655,168,0,7
3030,3030,0,167,0,0,655,168,0,7
3031,3031,0,167,0,0,655,168,0,7
3032,3032,0,167,0,0,655,168,0,2
3033,3033,0,167,0,0,655,168,0,2
3034,3034,0,167,0,0,655,168,0,2
3035,3035,0,167,0,0,655,168,0,2
3036,3036,0,167,0,0,655,168,0,7
3037,3037,0,167,0,0,655,168,0,7
3038,3038,0,167,0,0,655,168,0,7
3039,3039,0,167,0,0,655,168,0,2
3040,3040,0,167,0,0,655,168,0,2
3041,3041,0,167,0,0,655,168,0,2
3042,3042,0,167,0,0,655,168,0,2
3043,3043,0,167,0,0,655,168,0,0
3044,3044,0,167,0,0,655,168,0,0
3045,3045,0,167,0,0,655,168,0,0
3046,3046,0,167,0,0,655,168,0,2
3047,3047,0,167,0,0,655,168,0,2
3048,3048,0,167,0,0,655,168,0,2
3049,3049,0,167,0,0,655,168,0,7
3050,3050,0,167,0,0,655,168,0,7
3051,3051,0,167,0,0,655,168,0,7
3052,3052,0,167,0,0,655,168,0,2
3053,3053,0,167,0,0,655,168,0,2
3054,3054,0,167,0,0,655,168,0,2
3055,3055,0,167,0,0,655,168,0,2
3056,3056,0,167,0,0,655,168,0,7
3057,3057,0,167,0,0,655,168,0,7
3058,3058,0,167,0,0,655,168,0,7
3059,3059,0,167,0,0,655,168,0,2
3060,3060,0,167,0,0,655,168,0,2
3061,3061,0,167,0,0,655,168,0,2
3062,3062,0,167,0,0,655,168,0,2
3063,3063,0,167,0,0,655,168,0,0
3064,3064,0,167,0,0,655,168,0,0
3065,3065,0,167,0,0,655,168,0,0
3066,3066,0,167,0,0,655,168,0,2
3067,3067,0,167,0,0,655,168,0,2
3068,3068,0,167,0,0,655,168,0,2
3069,3069,0,167,0,0,655,168,0,7
3070,3070,0,167,0,0,655,168,0,7
3071,3071,0,167,0,0,655,168,0,7
3072,3072,0,167,0,0,655,168,0,2
3073,3073,0,167,0,0,655,168,0,2
3074,3074,0,167,0,0,655,168,0,2
3075,3075,0,167,0,0,655,168,0,2
3076,3076,0,167,0,0,655,168,0,7
3077,3077,0,167,0,0,655,168,0,7
3078,3078,0,167,0,0,655,168,0,7
3079,3079,0,167,0,0,655,168,0,2
3080,3080,0,167,0,0,655,168,0,2
3081,3081,0,167,0,0,655,168,0,2
3082,3082,0,167,0,0,655,168,0,2
3083,3083,0,167,0,0,655,168,0,0
3084,3084,0,167,0,0,655,168,0,0
3085,3085,0,167,0,0,655,168,0,0
3086,3086,0,167,0,0,655,168,0,2
3087,3087,0,167,0,0,655,168,0,2
3088,3088,0,167,0,0,655,168,0,2
3089,3089,0,167,0,0,655,168,0,7
3090,3090,0,167,0,0,655,168,0,7
3091,3091,0,167,0,0,655,168,0,7
3092,3092,0,167,0,0,655,168,0,2
3093,3093,0,167,0,0,655,168,0,2
3094,3094,0,167,0,0,655,168,0,2
3095,3095,0,167,0,0,655,168,0,2
3096,3096,0,167,0,0,655,168,0,7
3097,3097,0,167,0,0,655,168,0,7
3098,3098,0,167,0,0,655,168,0,7
3099,3099,0,167,0,0,655,168,0,2
3100,3100,0,167,0,0,655,168,0,2
3101,3101,0,167,0,0,655,168,0,2
3102,3102,0,167,0,0,655,168,0,2
3103,3103,0,167,0,0,655,168,0,0
3104,3104,0,167,0,0,655,168,0,0
3105,3105,0,167,0,0,655,168,0,0
3106,3106,0,167,0,0,655,168,0,2
3107,3107,0,167,0,0,655,168,0,2
3108,3108,0,167,0,0,655,168,0,2
3109,3109,0,167,0,0,655,168,0,7
3110,3110,0,167,0,0,655,168,0,7
3111,3111,0,167,0,0,655,168,0,7
3112,3112,0,167,0,0,655,168,0,2
3113,3113,0,167,0,0,655,168,0,2
3114,3114,0,167,0,0,655,168,0,2
3115,3115,0,167,0,0,655,168,0,2
3116,3116,0,167,0,0,655,168,0,7
3117,3117,0,167,0,0,655,168,0,7
3118,3118,0,167,0,0,655,168,0,7
3119,3119,0,167,0,0,655,168,0,2
3120,3120,0,167,0,0,655,168,0,2
3121,3121,0,167,0,0,655,168,0,2
3122,3122,0,167,0,0,655,168,0,2
3123,3123,0,167,0,0,655,168,0,0
3124,3124,0,167,0,0,655,168,0,0
3125,3125,0,167,0,0,655,168,0,0
3126,3126,0,167,0,0,655,168,0,2
3127,3127,0,167,0,0,655,168,0,2
3128,3128,0,167,0,0,655,168,0,2
3129,3129,0,167,0,0,655,168,0,7
3130,3130,0,167,0,0,655,168,0,7
3131,3131,0,167,0,0,655,168,0,7
3132,3132,0,167,0,0,655,168,0,2
3133,3133,0,167,0,0,655,168,0,2
3134,3134,0,167,0,0,655,168,0,2
3135,3135,0,167,0,0,655,168,0,2
3136,3136,0,167,0,0,655,168,0,7
3137,3137,0,167,0,0,655,168,0,7
3138,3138,0,167,0,0,655,168,0,7
3139,3139,0,167,0,0,655,168,0,2
3140,3140,0,167,0,0,655,168,0,2
3141,3141,0,167,0,0,655,168,0,2
3142,3142,0,167,0,0,655,168,0,2
3143,3143,0,167,0,0,655,168,0,0
3144,3144,0,167,0,0,655,168,0,0
3145,3145,0,167,0,0,655,168,0,0
3146,3146,0,167,0,0,655,168,0,2
3147,3147,0,167,0,0,655,168,0,2
3148,3148,0,167,0,0,655,168,0,2
3149,3149,0,167,0,0,655,168,0,7
3150,3150,0,167,0,0,655,168,0,7
3151,3151,0,167,0,0,655,168,0,7
3152,3152,0,167,0,0,655,168,0,2
3153,3153,0,167,0,0,655,168,0,2
3154,3154,0,167,0,0,655,168,0,2
3155,3155,0,167,0,0,655,168,0,2
3156,3156,0,167,0,0,655,168,0,7
3157,3157,0,167,0,0,655,168,0,7
3158,3158,0,167,0,0,655,168,0,7
3159,3159,0,167,0,0,655,168,0,2
3160,3160,0,167,0,0,655,168,0,2
3161,3161,0,167,0,0,655,168,0,2
3162,3162,0,167,0,0,655,168,0,2
3163,3163,0,167,0,0,655,168,0,0
3164,3164,0,167,0,0,655,168,0,0
3165,3165,0,167,0,0,655,168,0,0
3166,3166,0,167,0,0,655,168,0,2
3167,3167,0,167,0,0,655,168,0,2
3168,3168,0,167,0,0,655,168,0,2
3169,3169,0,167,0,0,655,168,0,7
3170,3170,0,167,0,0,655,168,0,7
3171,3171,0,167,0,0,655,168,0,7
3172,3172,0,167,0,0,655,168,0,2
3173,3173,0,167,0,0,655,168,0,2
3174,3174,0,167,0,0,655,168,0,2
3175,3175,0,167,0,0,655,168,0,2
3176,3176,0,167,0,0,655,168,0,7
3177,3177,0,167,0,0,655,168,0,7
3178,3178,0,167,0,0,655,168,0,7
3179,3179,0,167,0,0,655,168,0,2
3180,3180,0,167,0,0,655,168,0,2
3181,3181,0,167,0,0,655,168,0,2
3182,3182,0,167,0,0,655,168,0,2
3183,3183,0,167,0,0,655,168,0,0
3184,3184,0,167,0,0,655,168,0,0
3185,3185,0,167,0,0,655,168,0,0
3186,3186,0,167,0,0,655,168,0,2
3187,3187,0,167,0,0,655,168,0,2
3188,3188,0,167,0,0,655,168,0,2
3189,3189,0,167,0,0,655,168,0,7
3190,3190,0,167,0,0,655,168,0,7
3191,3191,0,167,0,0,655,168,0,7
3192,3192,0,167,0,0,655,168,0,2
3193,3193,0,167,0,0,655,168,0,2
3194,3194,0,167,0,0,655,168,0,2
3195,3195,0,167,0,0,655,168,0,2
3196,3196,0,167,0,0,655,168,0,7
3197,3197,0,167,0,0,655,168,0,7
3198,3198,0,167,0,0,655,168,0,7
3199,3199,0,167,0,0,655,168,0,2
3200,3200,0,167,0,0,655,168,0,2
3201,3201,0,167,0,0,655,168,0,2
3202,3202,0,167,0,0,655,168,0,2
3203,3203,0,167,0,0,655,168,0,0
3204,3204,0,167,0,0,655,168,0,0
3205,3205,0,167,0,0,655,168,0,0
3206,3206,0,167,0,0,655,168,0,2
3207,3207,0,167,0,0,655,168,0,2
3208,3208,0,167,0,0,655,168,0,2
3209,3209,0,167,0,0,655,168,0,7
3210,3210,0,167,0,0,655,168,0,7
3211,3211,0,167,0,0,655,168,0,7
3212,3212,0,167,0,0,655,168,0,2
3213,3213,0,167,0,0,655,168,0,2
3214,3214,0,167,0,0,655,168,0,2
3215,3215,0,167,0,0,655,168,0,2
3216,3216,0,167,0,0,655,168,0,7
3217,3217,0,167,0,0,655,168,0,7
3218,3218,0,167,0,0,655,168,0,7
3219,3219,0,167,0,0,655,168,0,2
3220,3220,0,167,0,0,655,168,0,2
3221,3221,0,167,0,0,655,168,0,2
3222,3222,0,167,0,0,655,168,0,2
3223,3223,0,167,0,0,655,168,0,0
3224,3224,0,167,0,0,655,168,0,0
3225,3225,0,167,0,0,655,168,0,0
3226,3226,0,167,0,0,655,168,0,2
3227,3227,0,167,0,0,655,168,0,2
3228,3228,0,167,0,0,655,168,0,2
3229,3229,0,167,0,0,655,168,0,7
3230,3230,0,167,0,0,655,168,0,7
3231,3231,0,167,0,0,655,168,0,7
3232,3232,0,167,0,0,655,168,0,2
3233,3233,0,167,0,0,655,168,0,2
3234,3234,0,167,0,0,655,168,0,2
3235,3235,0,167,0,0,655,168,0,2
3236,3236,0,167,0,0,655,168,0,7
3237,3237,0,167,0,0,655,168,0,7
3238,3238,0,167,0,0,655,168,0,7
3239,3239,0,167,0,0,655,168,0,2
3240,3240,0,167,0,0,655,168,0,2
3241,3241,0,167,0,0,655,168,0,2
3242,3242,0,167,0,0,655,168,0,2
3243,3243,0,167,0,0,655,168,0,0
3244,3244,0,167,0,0,655,168,0,0
3245,3245,0,167,0,0,655,168,0,0
3246,3246,0,167,0,0,655,168,0,2
3247,3247,0,167,0,0,655,168,0,2
3248,3248,0,167,0,0,655,168,0,2
3249,3249,0,167,0,0,655,168,0,7
3250,3250,0,167,0,0,655,168,0,7
3251,3251,0,167,0,0,655,168,0,7
3252,3252,0,167,0,0,655,168,0,2
3253,3253,0,167,0,0,655,168,0,2
3254,3254,0,167,0,0,655,168,0,2
3255,3255,0,167,0,0,655,168,0,2
3256,3256,0,167,0,0,655,168,0,7
3257,3257,0,167,0,0,655,168,0,7
3258,3258,0,167,0,0,655,168,0,7
3259,3259,0,167,0,0,655,168,0,0
3260,3260,0,167,0,0,655,168,0,0
3261,3261,0,167,0,0,655,168,0,0
3262,3262,0,167,0,0,655,168,0,0
3263,3263,0,167,0,0,655,168,0,0
3264,3264,0,167,0,0,655,168,0,0
3265,3265,0,167,0,0,655,168,0,0
3266,3266,0,167,0,0,655,168,0,0
3267,3267,0,167,0,0,655,168,0,0
3268,3268,0,167,0,0,655,168,0,0
3269,3269,0,167,0,0,655,168,0,0
3270,3270,0,167,0,0,655,168,0,0
3271,3271,0,167,0,0,655,168,0,0
3272,3272,0,167,0,0,655,168,0,0
3273,3273,0,167,0,0,655,168,0,0
3274,3274,0,167,0,0,655,168,0,1
3275,3275,0,167,0,0,655,168,0,1
3276,3276,0,167,0,0,655,168,0,1
3277,3277,0,167,0,0,655,168,0,0
3278,3278,0,167,0,0,655,168,0,0
3279,3279,0,167,0,0,655,168,0,0
3280,3280,0,167,0,0,655,168,0,0
3281,3281,0,167,0,0,655,168,0,0
3282,3282,0,167,0,0,655,168,0,0
3283,3283,0,167,0,0,655,168,0,2
3284,3284,0,167,0,0,655,168,0,2
3285,3285,0,167,0,0,655,168,0,2
3286,3286,0,167,0,0,655,168,0,2
3287,3287,0,167,0,0,655,168,0,2
3288,3288,0,167,0,0,655,168,0,2
3289,3289,0,167,0,0,655,168,0,2
3290,3290,0,167,0,0,655,168,0,1
3291,3291,0,167,0,0,655,168,0,1
3292,3292,0,167,0,0,655,168,0,1
3293,3293,0,167,0,0,655,168,0,2
3294,3294,0,167,0,0,655,168,0,2
3295,3295,0,167,0,0,655,168,0,2
3296,3296,0,167,0,0,655,168,0,2
3297,3297,0,167,0,0,655,168,0,2
3298,3298,0,167,0,0,655,168,0,2
3299,3299,0,167,0,0,655,168,0,2
3300,3300,0,167,0,0,655,168,0,2
3301,3301,0,167,0,0,655,168,0,2
3302,3302,0,167,0,0,655,168,0,2
3303,3303,0,167,0,0,655,168,0,0
3304,3304,0,167,0,0,655,168,0,0
3305,3305,0,167,0,0,655,168,0,0
3306,3306,0,167,0,0,655,168,0,2
3307,3307,0,167,0,0,655,168,0,2
3308,3308,0,167,0,0,655,168,0,2
3309,3309,0,167,0,0,655,168,0,7
3310,3310,0,167,0,0,655,168,0,7
3311,3311,0,167,0,0,655,168,0,7
3312,3312,0,167,0,0,655,168,0,2
3313,3313,0,167,0,0,655,168,0,2
3314,3314,0,167,0,0,655,168,0,2
3315,3315,0,167,0,0,655,168,0,2
3316,3316,0,167,0,0,655,168,0,2
3317,3317,0,167,0,0,655,168,0,2
3318,3318,0,167,0,0,655,168,0,2
3319,3319,0,167,0,0,655,168,0,2
3320,3320,0,167,0,0,655,168,0,2
3321,3321,0,167,0,0,655,168,0,2
3322,3322,0,167,0,0,655,168,0,2
3323,3323,0,167,0,0,655,168,0,0
3324,3324,0,167,0,0,655,168,0,0
3325,3325,0,167,0,0,655,168,0,0
3326,3326,0,167,0,0,655,168,0,0
3327,3327,0,167,0,0,655,168,0,0
3328,3328,0,167,0,0,655,168,0,0
3329,3329,0,167,0,0,655,168,0,3
3330,3330,0,167,0,0,655,168,0,3
3331,3331,0,167,0,0,655,168,0,3
3332,3332,0,167,0,0,655,168,0,0
3333,3333,0,167,0,0,655,168,0,0
3334,3334,0,167,0,0,655,168,0,0
3335,3335,0,167,0,0,655,168,0,3
3336,3336,0,167,0,0,655,168,0,3
3337,3337,0,167,0,0,655,168,0,3
3338,3338,0,167,0,0,655,168,0,0
3339,3339,0,167,0,0,655,168,0,0
3340,3340,0,167,0,0,655,168,0,0
3341,3341,0,167,0,0,655,168,0,2
3342,3342,0,167,0,0,655,168,0,2
3343,3343,0,167,0,0,655,168,0,2
3344,3344,0,167,0,0,655,168,0,2
3345,3345,0,167,0,0,655,168,0,2
3346,3346,0,167,0,0,655,168,0,2
3347,3347,0,167,0,0,655,168,0,0
3348,3348,0,167,0,0,655,168,0,0
3349,3349,0,167,0,0,655,168,0,0
3350,3350,0,167,0,0,655,168,0,0
3351,3351,0,167,0,0,655,168,0,0
3352,3352,0,167,0,0,655,168,0,0
3353,3353,0,167,0,0,655,168,0,0
3354,3354,0,167,0,0,655,168,0,0
3355,3355,0,167,0,0,655,168,0,0
3356,3356,0,167,0,0,655,168,0,1
3357,3357,0,167,0,0,655,168,0,1
3358,3358,0,167,0,0,655,168,0,1
3359,3359,0,167,0,0,655,168,0,1
3360,3360,0,167,0,0,655,168,0,1
3361,3361,0,167,0,0,655,168,0,0
3362,3362,0,167,0,0,655,168,0,0
3363,3363,0,167,0,0,655,168,0,0
3364,3364,0,167,0,0,655,168,0,5
3365,3365,0,167,0,0,655,168,0,5
3366,3366,0,167,0,0,655,168,0,5
3367,3367,0,167,0,0,655,168,0,5
3368,3368,0,167,0,0,655,168,0,0
3369,3369,0,167,0,0,655,168,0,0
3370,3370,0,167,0,0,655,168,0,0
3371,3371,0,167,0,0,655,168,0,0
3372,3372,0,167,0,0,655,168,0,0
3373,3373,0,167,0,0,655,168,0,0
3374,3374,0,167,0,0,655,168,0,3
3375,3375,0,167,0,0,655,168,0,3
3376,3376,0,167,0,0,655,168,0,3
3377,3377,0,167,0,0,655,168,0,0
3378,3378,0,167,0,0,655,168,0,0
3379,3379,0,167,0,0,655,168,0,0
3380,3380,0,167,0,0,655,168,0,0
3381,3381,0,167,0,0,655,168,0,0
3382,3382,0,167,0,0,655,168,0,0
3383,3383,0,167,0,0,655,168,0,1
3384,3384,0,167,0,0,655,168,0,1
3385,3385,0,167,0,0,655,168,0,1
3386,3386,0,167,0,0,655,168,0,1
3387,3387,0,167,0,0,655,168,0,1
3388,3388,0,167,0,0,655,168,0,1
3389,3389,0,167,0,0,655,168,0,1
3390,3390,0,167,0,0,655,168,0,1
3391,3391,0,167,0,0,655,168,0,0
3392,3392,0,167,0,0,655,168,0,0
3393,3393,0,167,0,0,655,168,0,0
3394,3394,0,167,0,0,655,168,0,5
3395,3395,0,167,0,0,655,168,0,5
3396,3396,0,167,0,0,655,168,0,5
3397,3397,0,167,0,0,655,168,0,5
3398,3398,0,167,0,0,655,168,0,0
3399,3399,0,167,0,0,655,168,0,0
3400,3400,0,167,0,0,655,168,0,0
3401,3401,0,167,0,0,655,168,0,0
3402,3402,0,167,0,0,655,168,0,0
3403,3403,0,167,0,0,655,168,0,0
3404,3404,0,167,0,0,655,168,0,3
3405,3405,0,167,0,0,655,168,0,3
3406,3406,0,167,0,0,655,168,0,3
3407,3407,0,167,0,0,655,168,0,0
3408,3408,0,167,0,0,655,168,0,0
3409,3409,0,167,0,0,655,168,0,0
3410,3410,0,167,0,0,655,168,0,0
3411,3411,0,167,0,0,655,168,0,0
3412,3412,0,167,0,0,655,168,0,0
3413,3413,0,167,0,0,655,168,0,1
3414,3414,0,167,0,0,655,168,0,1
3415,3415,0,167,0,0,655,168,0,1
3416,3416,0,167,0,0,655,168,0,1
3417,3417,0,167,0,0,655,168,0,1
3418,3418,0,167,0,0,655,168,0,1
3419,3419,0,167,0,0,655,168,0,1
3420,3420,0,167,0,0,655,168,0,1
3421,3421,0,167,0,0,655,168,0,0
3422,3422,0,167,0,0,655,168,0,0
3423,3423,0,167,0,0,655,168,0,0
3424,3424,0,167,0,0,655,168,0,5
3425,3425,0,167,0,0,655,168,0,5
3426,3426,0,167,0,0,655,168,0,5
3427,3427,0,167,0,0,655,168,0,5
3428,3428,0,167,0,0,655,168,0,0
3429,3429,0,167,0,0,655,168,0,0
3430,3430,0,167,0,0,655,168,0,0
3431,3431,0,167,0,0,655,168,0,0
3432,3432,0,167,0,0,655,168,0,0
3433,3433,0,167,0,0,655,168,0,0
3434,3434,0,167,0,0,655,168,0,3
3435,3435,0,167,0,0,655,168,0,3
3436,3436,0,167,0,0,655,168,0,3
3437,3437,0,167,0,0,655,168,0,0
3438,3438,0,167,0,0,655,168,0,0
3439,3439,0,167,0,0,655,168,0,0
3440,3440,0,167,0,0,655,168,0,0
3441,3441,0,167,0,0,655,168,0,0
3442,3442,0,167,0,0,655,168,0,0
3443,3443,0,167,0,0,655,168,0,1
3444,3444,0,167,0,0,655,168,0,1
3445,3445,0,167,0,0,655,168,0,1
3446,3446,0,167,0,0,655,168,0,1
3447,3447,0,167,0,0,655,168,0,1
3448,3448,0,167,0,0,655,168,0,1
3449,3449,0,167,0,0,655,168,0,1
3450,3450,0,167,0,0,655,168,0,1
3451,3451,0,167,0,0,655,168,0,0
3452,3452,0,167,0,0,655,168,0,0
3453,3453,0,167,0,0,655,168,0,0
3454,3454,0,167,0,0,655,168,0,5
3455,3455,0,167,0,0,655,168,0,5
3456,3456,0,167,0,0,655,168,0,5
3457,3457,0,167,0,0,655,168,0,5
3458,3458,0,167,0,0,655,168,0,0
3459,3459,0,167,0,0,655,168,0,0
3460,3460,0,167,0,0,655,168,0,0
3461,3461,0,167,0,0,655,168,0,0
3462,3462,0,167,0,0,655,168,0,0
3463,3463,0,167,0,0,655,168,0,0
3464,3464,0,167,0,0,655,168,0,3
3465,3465,0,167,0,0,655,168,0,3
3466,3466,0,167,0,0,655,168,0,3
3467,3467,0,167,0,0,655,168,0,0
3468,3468,0,167,0,0,655,168,0,0
3469,3469,0,167,0,0,655,168,0,0
3470,3470,0,167,0,0,655,168,0,0
3471,3471,0,167,0,0,655,168,0,0
3472,3472,0,167,0,0,655,168,0,0
3473,3473,0,167,0,0,655,168,0,1
3474,3474,0,167,0,0,655,168,0,1
3475,3475,0,167,0,0,655,168,0,1
3476,3476,0,167,0,0,655,168,0,1
3477,3477,0,167,0,0,655,168,0,1
3478,3478,0,167,0,0,655,168,0,1
3479,3479,0,167,0,0,655,168,0,1
3480,3480,0,167,0,0,655,168,0,1
3481,3481,0,167,0,0,655,168,0,0
3482,3482,0,167,0,0,655,168,0,0
3483,3483,0,167,0,0,655,168,0,0
3484,3484,0,167,0,0,655,168,0,5
3485,3485,0,167,0,0,655,168,0,5
3486,3486,0,167,0,0,655,168,0,5
3487,3487,0,167,0,0,655,168,0,5
3488,3488,0,167,0,0,655,168,0,0
3489,3489,0,167,0,0,655,168,0,0
3490,3490,0,167,0,0,655,168,0,0
3491,3491,0,167,0,0,655,168,0,0
3492,3492,0,167,0,0,655,168,0,0
3493,3493,0,167,0,0,655,168,0,0
3494,3494,0,167,0,0,655,168,0,3
3495,3495,0,167,0,0,655,168,0,3
3496,3496,0,167,0,0,655,168,0,3
3497,3497,0,167,0,0,655,168,0,0
3498,3498,0,167,0,0,655,168,0,0
3499,3499,0,167,0,0,655,168,0,0
3500,3500,0,167,0,0,655,168,0,0
3501,3501,0,167,0,0,655,168,0,0
3502,3502,0,167,0,0,655,168,0,0
3503,3503,0,167,0,0,655,168,0,1
3504,3504,0,167,0,0,655,168,0,1
3505,3505,0,167,0,0,655,168,0,1
3506,3506,0,167,0,0,655,168,0,1
3507,3507,0,167,0,0,655,168,0,1
3508,3508,0,167,0,0,655,168,0,1
3509,3509,0,167,0,0,655,168,0,1
3510,3510,0,167,0,0,655,168,0,1
3511,3511,0,167,0,0,655,168,0,0
3512,3512,0,167,0,0,655,168,0,0
3513,3513,0,167,0,0,655,168,0,0
3514,3514,0,167,0,0,655,168,0,5
3515,3515,0,167,0,0,655,168,0,5
3516,3516,0,167,0,0,655,168,0,5
3517,3517,0,167,0,0,655,168,0,5
3518,3518,0,167,0,0,655,168,0,0
3519,3519,0,167,0,0,655,168,0,0
3520,3520,0,167,0,0,655,168,0,0
3521,3521,0,167,0,0,655,168,0,0
3522,3522,0,167,0,0,655,168,0,0
3523,3523,0,167,0,0,655,168,0,0
3524,3524,0,167,0,0,655,168,0,3
3525,3525,0,167,0,0,655,168,0,3
3526,3526,0,167,0,0,655,168,0,3
3527,3527,0,167,0,0,655,168,0,0
3528,3528,0,167,0,0,655,168,0,0
3529,3529,0,167,0,0,655,168,0,0
3530,3530,0,167,0,0,655,168,0,0
3531,3531,0,167,0,0,655,168,0,0
3532,3532,0,167,0,0,655,168,0,0
3533,3533,0,167,0,0,655,168,0,1
3534,3534,0,167,0,0,655,168,0,1
3535,3535,0,167,0,0,655,168,0,1
3536,3536,0,167,0,0,655,168,0,1
3537,3537,0,167,0,0,655,168,0,1
3538,3538,0,167,0,0,655,168,0,1
3539,3539,0,167,0,0,655,168,0,1
3540,3540,0,167,0,0,655,168,0,1
3541,3541,0,167,0,0,655,168,0,0
3542,3542,0,167,0,0,655,168,0,0
3543,3543,0,167,0,0,655,168,0,0
3544,3544,0,167,0,0,655,168,0,5
3545,3545,0,167,0,0,655,168,0,5
3546,3546,0,167,0,0,655,168,0,5
3547,3547,0,167,0,0,655,168,0,5
3548,3548,0,167,0,0,655,168,0,0
3549,3549,0,167,0,0,655,168,0,0
3550,3550,0,167,0,0,655,168,0,0
3551,3551,0,167,0,0,655,168,0,0
3552,3552,0,167,0,0,655,168,0,0
3553,3553,0,167,0,0,655,168,0,0
3554,3554,0,167,0,0,655,168,0,3
3555,3555,0,167,0,0,655,168,0,3
3556,3556,0,167,0,0,655,168,0,3
3557,3557,0,167,0,0,655,168,0,0
3558,3558,0,167,0,0,655,168,0,0
3559,3559,0,167,0,0,655,168,0,0
3560,3560,0,167,0,0,655,168,0,0
3561,3561,0,167,0,0,655,168,0,0
3562,3562,0,167,0,0,655,168,0,0
3563,3563,0,167,0,0,655,168,0,1
3564,3564,0,167,0,0,655,168,0,1
3565,3565,0,167,0,0,655,168,0,1
3566,3566,0,167,0,0,655,168,0,1
3567,3567,0,167,0,0,655,168,0,1
3568,3568,0,167,0,0,655,168,0,1
3569,3569,0,167,0,0,655,168,0,1
3570,3570,0,167,0,0,655,168,0,1
3571,3571,0,167,0,0,655,168,0,0
3572,3572,0,167,0,0,655,168,0,0
3573,3573,0,167,0,0,655,168,0,0
3574,3574,0,167,0,0,655,168,0,5
3575,3575,0,167,0,0,655,168,0,5
3576,3576,0,167,0,0,655,168,0,5
3577,3577,0,167,0,0,655,168,0,5
3578,3578,0,167,0,0,655,168,0,0
3579,3579,0,167,0,0,655,168,0,0
3580,3580,0,167,0,0,655,168,0,0
3581,3581,0,167,0,0,655,168,0,0
3582,3582,0,167,0,0,655,168,0,0
3583,3583,0,167,0,0,655,168,0,0
3584,3584,0,167,0,0,655,168,0,3
3585,3585,0,167,0,0,655,168,0,3
3586,3586,0,167,0,0,655,168,0,3
3587,3587,0,167,0,0,655,168,0,0
3588,3588,0,167,0,0,655,168,0,0
3589,3589,0,167,0,0,655,168,0,0
3590,3590,0,167,0,0,655,168,0,0
3591,3591,0,167,0,0,655,168,0,0
3592,3592,0,167,0,0,655,168,0,0
3593,3593,0,167,0,0,655,168,0,1
3594,3594,0,167,0,0,655,168,0,1
3595,3595,0,167,0,0,655,168,0,1
3596,3596,0,167,0,0,655,168,0,1
3597,3597,0,167,0,0,655,168,0,1
3598,3598,0,167,0,0,655,168,0,1
3599,3599,0,167,0,0,655,168,0,1
3600,3600,0,167,0,0,655,168,0,1
3601,3601,0,167,0,0,655,168,0,0
3602,3602,0,167,0,0,655,168,0,0
3603,3603,0,167,0,0,655,168,0,0
3604,3604,0,167,0,0,655,168,0,5
3605,3605,0,167,0,0,655,168,0,5
3606,3606,0,167,0,0,655,168,0,5
3607,3607,0,167,0,0,655,168,0,5
3608,3608,0,167,0,0,655,168,0,0
3609,3609,0,167,0,0,655,168,0,0
3610,3610,0,167,0,0,655,168,0,0
3611,3611,0,167,0,0,655,168,0,0
3612,3612,0,167,0,0,655,168,0,0
3613,3613,0,167,0,0,655,168,0,0
3614,3614,0,167,0,0,655,168,0,3
3615,3615,0,167,0,0,655,168,0,3
3616,3616,0,167,0,0,655,168,0,3
3617,3617,0,167,0,0,655,168,0,0
3618,3618,0,167,0,0,655,168,0,0
3619,3619,0,167,0,0,655,168,0,0
3620,3620,0,167,0,0,655,168,0,0
3621,3621,0,167,0,0,655,168,0,0
3622,3622,0,167,0,0,655,168,0,0
3623,3623,0,167,0,0,655,168,0,1
3624,3624,0,167,0,0,655,168,0,1
3625,3625,0,167,0,0,655,168,0,1
3626,3626,0,167,0,0,655,168,0,1
3627,3627,0,167,0,0,655,168,0,1
3628,3628,0,167,0,0,655,168,0,1
3629,3629,0,167,0,0,655,168,0,1
3630,3630,0,167,0,0,655,168,0,1
3631,3631,0,167,0,0,655,168,0,0
3632,3632,0,167,0,0,655,168,0,0
3633,3633,0,167,0,0,655,168,0,0
3634,3634,0,167,0,0,655,168,0,5
3635,3635,0,167,0,0,655,168,0,5
3636,3636,0,167,0,0,655,168,0,5
3637,3637,0,167,0,0,655,168,0,5
3638,3638,0,167,0,0,655,168,0,0
3639,3639,0,167,0,0,655,168,0,0
3640,3640,0,167,0,0,655,168,0,0
3641,3641,0,167,0,0,655,168,0,0
3642,3642,0,167,0,0,655,168,0,0
3643,3643,0,167,0,0,655,168,0,0
3644,3644,0,167,0,0,655,168,0,3
3645,3645,0,167,0,0,655,168,0,3
3646,3646,0,167,0,0,655,168,0,3
3647,3647,0,167,0,0,655,168,0,0
3648,3648,0,167,0,0,655,168,0,0
3649,3649,0,167,0,0,655,168,0,0
3650,3650,0,167,0,0,655,168,0,0
3651,3651,0,167,0,0,655,168,0,0
3652,3652,0,167,0,0,655,168,0,0
3653,3653,0,167,0,0,655,168,0,1
3654,3654,0,167,0,0,655,168,0,1
3655,3655,0,167,0,0,655,168,0,1
3656,3656,0,167,0,0,655,168,0,1
3657,3657,0,167,0,0,655,168,0,1
3658,3658,0,167,0,0,655,168,0,1
3659,3659,0,167,0,0,655,168,0,1
3660,3660,0,167,0,0,655,168,0,1
3661,3661,0,167,0,0,655,168,0,0
3662,3662,0,167,0,0,655,168,0,0
3663,3663,0,167,0,0,655,168,0,0
3664,3664,0,167,0,0,655,168,0,5
3665,3665,0,167,0,0,655,168,0,5
3666,3666,0,167,0,0,655,168,0,5
3667,3667,0,167,0,0,655,168,0,5
3668,3668,0,167,0,0,655,168,0,0
3669,3669,0,167,0,0,655,168,0,0
3670,3670,0,167,0,0,655,168,0,0
3671,3671,0,167,0,0,655,168,0,0
3672,3672,0,167,0,0,655,168,0,0
3673,3673,0,167,0,0,655,168,0,0
3674,3674,0,167,0,0,655,168,0,3
3675,3675,0,167,0,0,655,168,0,3
3676,3676,0,167,0,0,655,168,0,3
3677,3677,0,167,0,0,655,168,0,0
3678,3678,0,167,0,0,655,168,0,0
3679,3679,0,167,0,0,655,168,0,0
3680,3680,0,167,0,0,655,168,0,0
3681,3681,0,167,0,0,655,168,0,0
3682,3682,0,167,0,0,655,168,0,0
3683,3683,0,167,0,0,655,168,0,1
3684,3684,0,167,0,0,655,168,0,1
3685,3685,0,167,0,0,655,168,0,1
3686,3686,0,167,0,0,655,168,0,1
3687,3687,0,167,0,0,655,168,0,1
3688,3688,0,167,0,0,655,168,0,1
3689,3689,0,167,0,0,655,168,0,1
3690,3690,0,167,0,0,655,168,0,1
3691,3691,0,167,0,0,655,168,0,0
3692,3692,0,167,0,0,655,168,0,0
3693,3693,0,167,0,0,655,168,0,0
3694,3694,0,167,0,0,655,168,0,5
3695,3695,0,167,0,0,655,168,0,5
3696,3696,0,167,0,0,655,168,0,5
3697,3697,0,167,0,0,655,168,0,5
3698,3698,0,167,0,0,655,168,0,0
3699,3699,0,167,0,0,655,168,0,0
3700,3700,0,167,0,0,655,168,0,0
3701,3701,0,167,0,0,655,168,0,0
3702,3702,0,167,0,0,655,168,0,0
3703,3703,0,167,0,0,655,168,0,0
3704,3704,0,167,0,0,655,168,0,3
3705,3705,0,167,0,0,655,168,0,3
3706,3706,0,167,0,0,655,168,0,3
3707,3707,0,167,0,0,655,168,0,0
3708,3708,0,167,0,0,655,168,0,0
3709,3709,0,167,0,0,655,168,0,0
3710,3710,0,167,0,0,655,168,0,0
3711,3711,0,167,0,0,655,168,0,0
3712,3712,0,167,0,0,655,168,0,0
3713,3713,0,167,0,0,655,168,0,1
3714,3714,0,167,0,0,655,168,0,1
3715,3715,0,167,0,0,655,168,0,1
3716,3716,0,167,0,0,655,168,0,1
3717,3717,0,167,0,0,655,168,0,1
3718,3718,0,167,0,0,655,168,0,1
3719,3719,0,167,0,0,655,168,0,1
3720,3720,0,167,0,0,655,168,0,1
3721,3721,0,167,0,0,655,168,0,0
3722,3722,0,167,0,0,655,168,0,0
3723,3723,0,167,0,0,655,168,0,0
3724,3724,0,167,0,0,655,168,0,5
3725,3725,0,167,0,0,655,168,0,5
3726,3726,0,167,0,0,655,168,0,5
3727,3727,0,167,0,0,655,168,0,5
3728,3728,0,167,0,0,655,168,0,0
3729,3729,0,167,0,0,655,168,0,0
3730,3730,0,167,0,0,655,168,0,0
3731,3731,0,167,0,0,655,168,0,0
3732,3732,0,167,0,0,655,168,0,0
3733,3733,0,167,0,0,655,168,0,0
3734,3734,0,167,0,0,655,168,0,3
3735,3735,0,167,0,0,655,168,0,3
3736,3736,0,167,0,0,655,168,0,3
3737,3737,0,167,0,0,655,168,0,0
3738,3738,0,167,0,0,655,168,0,0
3739,3739,0,167,0,0,655,168,0,0
3740,3740,0,167,0,0,655,168,0,0
3741,3741,0,167,0,0,655,168,0,0
3742,3742,0,167,0,0,655,168,0,0
3743,3743,0,167,0,0,655,168,0,1
3744,3744,0,167,0,0,655,168,0,1
3745,3745,0,167,0,0,655,168,0,1
3746,3746,0,167,0,0,655,168,0,1
3747,3747,0,167,0,0,655,168,0,1
3748,3748,0,167,0,0,655,168,0,1
3749,3749,0,167,0,0,655,168,0,1
3750,3750,0,167,0,0,655,168,0,1
3751,3751,0,167,0,0,655,168,0,0
3752,3752,0,167,0,0,655,168,0,0
3753,3753,0,167,0,0,655,168,0,0
3754,3754,0,167,0,0,655,168,0,5
3755,3755,0,167,0,0,655,168,0,5
3756,3756,0,167,0,0,655,168,0,5
3757,3757,0,167,0,0,655,168,0,5
3758,3758,0,167,0,0,655,168,0,0
3759,3759,0,167,0,0,655,168,0,0
3760,3760,0,167,0,0,655,168,0,0
3761,3761,0,167,0,0,655,168,0,0
3762,3762,0,167,0,0,655,168,0,0
3763,3763,0,167,0,0,655,168,0,0
3764,3764,0,167,0,0,655,168,0,3
3765,3765,0,167,0,0,655,168,0,3
3766,3766,0,167,0,0,655,168,0,3
3767,3767,0,167,0,0,655,168,0,0
3768,3768,0,167,0,0,655,168,0,0
3769,3769,0,167,0,0,655,168,0,0
3770,3770,0,167,0,0,655,168,0,0
3771,3771,0,167,0,0,655,168,0,0
3772,3772,0,167,0,0,655,168,0,0
3773,3773,0,167,0,0,655,168,0,1
3774,3774,0,167,0,0,655,168,0,1
3775,3775,0,167,0,0,655,168,0,1
3776,3776,0,167,0,0,655,168,0,1
3777,3777,0,167,0,0,655,168,0,1
3778,3778,0,167,0,0,655,168,0,1
3779,3779,0,167,0,0,655,168,0,1
3780,3780,0,167,0,0,655,168,0,1
3781,3781,0,167,0,0,655,168,0,0
3782,3782,0,167,0,0,655,168,0,0
3783,3783,0,167,0,0,655,168,0,0
3784,3784,0,167,0,0,655,168,0,5
3785,3785,0,167,0,0,655,168,0,5
3786,3786,0,167,0,0,655,168,0,5
3787,3787,0,167,0,0,655,168,0,5
3788,3788,0,167,0,0,655,168,0,0
3789,3789,0,167,0,0,655,168,0,0
3790,3790,0,167,0,0,655,168,0,0
3791,3791,0,167,0,0,655,168,0,0
3792,3792,0,167,0,0,655,168,0,0
3793,3793,0,167,0,0,655,168,0,0
3794,3794,0,167,0,0,655,168,0,3
3795,3795,0,167,0,0,655,168,0,3
3796,3796,0,167,0,0,655,168,0,3
3797,3797,0,167,0,0,655,168,0,0
3798,3798,0,167,0,0,655,168,0,0
3799,3799,0,167,0,0,655,168,0,0
3800,3800,0,167,0,0,655,168,0,0
3801,3801,0,167,0,0,655,168,0,0
3802,3802,0,167,0,0,655,168,0,0
3803,3803,0,167,0,0,655,168,0,1
3804,3804,0,167,0,0,655,168,0,1
3805,3805,0,167,0,0,655,168,0,1
3806,3806,0,167,0,0,655,168,0,1
3807,3807,0,167,0,0,655,168,0,1
3808,3808,0,167,0,0,655,168,0,1
3809,3809,0,167,0,0,655,168,0,1
3810,3810,0,167,0,0,655,168,0,1
3811,3811,0,167,0,0,655,168,0,0
3812,3812,0,167,0,0,655,168,0,0
3813,3813,0,167,0,0,655,168,0,0
3814,3814,0,167,0,0,655,168,0,5
3815,3815,0,167,0,0,655,168,0,5
3816,3816,0,167,0,0,655,168,0,5
3817,3817,0,167,0,0,655,168,0,5
3818,3818,0,167,0,0,655,168,0,0
3819,3819,0,167,0,0,655,168,0,0
3820,3820,0,167,0,0,655,168,0,0
3821,3821,0,167,0,0,655,168,0,0
3822,3822,0,167,0,0,655,168,0,0
3823,3823,0,167,0,0,655,168,0,0
3824,3824,0,167,0,0,655,168,0,3
3825,3825,0,167,0,0,655,168,0,3
3826,3826,0,167,0,0,655,168,0,3
3827,3827,0,167,0,0,655,168,0,0
3828,3828,0,167,0,0,655,168,0,0
3829,3829,0,167,0,0,655,168,0,0
3830,3830,0,167,0,0,655,168,0,0
3831,3831,0,167,0,0,655,168,0,0
3832,3832,0,167,0,0,655,168,0,0
3833,3833,0,167,0,0,655,168,0,1
3834,3834,0,167,0,0,655,168,0,1
3835,3835,0,167,0,0,655,168,0,1
3836,3836,0,167,0,0,655,168,0,1
3837,3837,0,167,0,0,655,168,0,1
3838,3838,0,167,0,0,655,168,0,1
3839,3839,0,167,0,0,655,168,0,1
3840,3840,0,167,0,0,655,168,0,1
3841,3841,0,167,0,0,655,168,0,0
3842,3842,0,167,0,0,655,168,0,0
3843,3843,0,167,0,0,655,168,0,0
3844,3844,0,167,0,0,655,168,0,5
3845,3845,0,167,0,0,655,168,0,5
3846,3846,0,167,0,0,655,168,0,5
3847,3847,0,167,0,0,655,168,0,5
3848,3848,0,167,0,0,655,168,0,0
3849,3849,0,167,0,0,655,168,0,0
3850,3850,0,167,0,0,655,168,0,0
3851,3851,0,167,0,0,655,168,0,0
3852,3852,0,167,0,0,655,168,0,0
3853,3853,0,167,0,0,655,168,0,0
3854,3854,0,167,0,0,655,168,0,3
3855,3855,0,167,0,0,655,168,0,3
3856,3856,0,167,0,0,655,168,0,3
3857,3857,0,167,0,0,655,168,0,0
3858,3858,0,167,0,0,655,168,0,0
3859,3859,0,167,0,0,655,168,0,0
3860,3860,0,167,0,0,655,168,0,0
3861,3861,0,167,0,0,655,168,0,0
3862,3862,0,167,0,0,655,168,0,0
3863,3863,0,167,0,0,655,168,0,1
3864,3864,0,167,0,0,655,168,0,1
3865,3865,0,167,0,0,655,168,0,1
3866,3866,0,167,0,0,655,168,0,1
3867,3867,0,167,0,0,655,168,0,1
3868,3868,0,167,0,0,655,168,0,1
3869,3869,0,167,0,0,655,168,0,1
3870,3870,0,167,0,0,655,168,0,1
3871,3871,0,167,0,0,655,168,0,0
3872,3872,0,167,0,0,655,168,0,0
3873,3873,0,167,0,0,655,168,0,0
3874,3874,0,167,0,0,655,168,0,5
3875,3875,0,167,0,0,655,168,0,5
3876,3876,0,167,0,0,655,168,0,5
3877,3877,0,167,0,0,655,168,0,5
3878,3878,0,167,0,0,655,168,0,0
3879,3879,0,167,0,0,655,168,0,0
3880,3880,0,167,0,0,655,168,0,0
3881,3881,0,167,0,0,655,168,0,0
3882,3882,0,167,0,0,655,168,0,0
3883,3883,0,167,0,0,655,168,0,0
3884,3884,0,167,0,0,655,168,0,3
3885,3885,0,167,0,0,655,168,0,3
3886,3886,0,167,0,0,655,168,0,3
3887,3887,0,167,0,0,655,168,0,0
3888,3888,0,167,0,0,655,168,0,0
3889,3889,0,167,0,0,655,168,0,0
3890,3890,0,167,0,0,655,168,0,0
3891,3891,0,167,0,0,655,168,0,0
3892,3892,0,167,0,0,655,168,0,0
3893,3893,0,167,0,0,655,168,0,1
3894,3894,0,167,0,0,655,168,0,1
3895,3895,0,167,0,0,655,168,0,1
3896,3896,0,167,0,0,655,168,0,2
3897,3897,0,167,0,0,655,168,0,2
3898,3898,0,167,0,0,655,168,0,2
3899,3899,0,167,0,0,655,168,0,1
3900,3900,0,167,0,0,655,168,0,1
3901,3901,0,167,0,0,655,168,0,1
3902,3902,0,167,0,0,655,168,0,0
3903,3903,0,167,0,0,655,168,0,0
3904,3904,0,167,0,0,655,168,0,0
3905,3905,0,167,0,0,655,168,0,7
3906,3906,0,167,0,0,655,168,0,7
3907,3907,0,167,0,0,655,168,0,7
3908,3908,0,167,0,0,655,168,0,0
3909,3909,0,167,0,0,655,168,0,0
3910,3910,0,167,0,0,655,168,0,0
3911,3911,0,167,0,0,655,168,0,1
3912,3912,0,167,0,0,655,168,0,1
3913,3913,0,167,0,0,655,168,0,1
3914,3914,0,167,0,0,655,168,0,0
3915,3915,0,167,0,0,655,168,0,0
3916,3916,0,167,0,0,655,168,0,0
3917,3917,0,167,0,0,655,168,0,7
3918,3918,0,167,0,0,655,168,0,7
3919,3919,0,167,0,0,655,168,0,7
3920,3920,0,167,0,0,655,168,0,0
3921,3921,0,167,0,0,655,168,0,0
3922,3922,0,167,0,0,655,168,0,0
3923,3923,0,167,0,0,655,168,0,0
3924,3924,0,167,0,0,655,168,0,0
3925,3925,0,167,0,0,655,168,0,0
3926,3926,0,167,0,0,655,168,0,0
3927,3927,0,167,0,0,655,168,0,0
3928,3928,0,167,0,0,655,168,0,0
3929,3929,0,167,0,0,655,168,0,2
3930,3930,0,167,0,0,655,168,0,2
3931,3931,0,167,0,0,655,168,0,2
3932,3932,0,167,0,0,655,168,0,0
3933,3933,0,167,0,0,655,168,0,0
3934,3934,0,167,0,0,655,168,0,0
3935,3935,0,167,0,0,655,168,0,0
3936,3936,0,167,0,0,655,168,0,0
3937,3937,0,167,0,0,655,168,0,0
3938,3938,0,167,0,0,655,168,0,2
3939,3939,0,167,0,0,655,168,0,2
3940,3940,0,167,0,0,655,168,0,2
3941,3941,0,167,0,0,655,168,0,2
3942,3942,0,167,0,0,655,168,0,2
3943,3943,0,167,0,0,655,168,0,2
3944,3944,0,167,0,0,655,168,0,2
3945,3945,0,167,0,0,655,168,0,1
3946,3946,0,167,0,0,655,168,0,1
3947,3947,0,167,0,0,655,168,0,1
3948,3948,0,167,0,0,655,168,0,2
3949,3949,0,167,0,0,655,168,0,2
3950,3950,0,167,0,0,655,168,0,2
3951,3951,0,167,0,0,655,168,0,2
3952,3952,0,167,0,0,655,168,0,2
3953,3953,0,167,0,0,655,168,0,2
3954,3954,0,167,0,0,655,168,0,2
3955,3955,0,167,0,0,655,168,0,2
3956,3956,0,167,0,0,655,168,0,2
3957,3957,0,167,0,0,655,168,0,2
3958,3958,0,167,0,0,655,168,0,0
3959,3959,0,167,0,0,655,168,0,0
3960,3960,0,167,0,0,655,168,0,0
3961,3961,0,167,0,0,655,168,0,2
3962,3962,0,167,0,0,655,168,0,2
3963,3963,0,167,0,0,655,168,0,2
3964,3964,0,167,0,0,655,168,0,7
3965,3965,0,167,0,0,655,168,0,7
3966,3966,0,167,0,0,655,168,0,7
3967,3967,0,167,0,0,655,168,0,2
3968,3968,0,167,0,0,655,168,0,2
3969,3969,0,167,0,0,655,168,0,2
3970,3970,0,167,0,0,655,168,0,2
3971,3971,0,167,0,0,655,168,0,2
3972,3972,0,167,0,0,655,168,0,2
3973,3973,0,167,0,0,655,168,0,2
3974,3974,0,167,0,0,655,168,0,2
3975,3975,0,167,0,0,655,168,0,2
3976,3976,0,167,0,0,655,168,0,2
3977,3977,0,167,0,0,655,168,0,2
3978,3978,0,167,0,0,655,168,0,0
3979,3979,0,167,0,0,655,168,0,0
3980,3980,0,167,0,0,655,168,0,0
3981,3981,0,167,0,0,655,168,0,0
3982,3982,0,167,0,0,655,168,0,0
3983,3983,0,167,0,0,655,168,0,0
3984,3984,0,167,0,0,655,168,0,3
3985,3985,0,167,0,0,655,168,0,3
3986,3986,0,167,0,0,655,168,0,3
3987,3987,0,167,0,0,655,168,0,0
3988,3988,0,167,0,0,655,168,0,0
3989,3989,0,167,0,0,655,168,0,0
3990,3990,0,167,0,0,655,168,0,3
3991,3991,0,167,0,0,655,168,0,3
3992,3992,0,167,0,0,655,168,0,3
3993,3993,0,167,0,0,655,168,0,0
3994,3994,0,167,0,0,655,168,0,0
3995,3995,0,167,0,0,655,168,0,0
3996,3996,0,167,0,0,655,168,0,2
3997,3997,0,167,0,0,655,168,0,2
3998,3998,0,167,0,0,655,168,0,2
3999,3999,0,167,0,0,655,168,0,2
4000,4000,0,167,0,0,655,168,0,2
4001,4001,0,167,0,0,655,168,0,2
4002,4002,0,167,0,0,655,168,0,0
4003,4003,0,167,0,0,655,168,0,0
4004,4004,0,167,0,0,655,168,0,0
4005,4005,0,167,0,0,655,168,0,2
4006,4006,0,167,0,0,655,168,0,2
4007,4007,0,167,0,0,655,168,0,2
4008,4008,0,167,0,0,655,168,0,2
4009,4009,0,167,0,0,655,168,0,0
4010,4010,0,167,0,0,655,168,0,0
4011,4011,0,167,0,0,655,168,0,0
4012,4012,0,167,0,0,655,168,0,0
4013,4013,0,167,0,0,655,168,0,0
4014,4014,0,167,0,0,655,168,0,0
4015,4015,0,167,0,0,655,168,0,0
4016,4016,0,167,0,0,655,168,0,0
4017,4017,0,167,0,0,655,168,0,0
4018,4018,0,167,0,0,655,168,0,7
4019,4019,0,167,0,0,655,168,0,7
4020,4020,0,167,0,0,655,168,0,7
4021,4021,0,167,0,0,655,168,0,0
4022,4022,0,167,0,0,655,168,0,0
4023,4023,0,167,0,0,655,168,0,0
4024,4024,0,167,0,0,655,168,0,4
4025,4025,0,167,0,0,655,168,0,4
4026,4026,0,167,0,0,655,168,0,4
4027,4027,0,167,0,0,655,168,0,4
4028,4028,0,167,0,0,655,168,0,1
4029,4029,0,167,0,0,655,168,0,1
4030,4030,0,167,0,0,655,168,0,1
4031,4031,0,167,0,0,655,168,0,0
4032,4032,0,167,0,0,655,168,0,0
4033,4033,0,167,0,0,655,168,0,0
4034,4034,0,167,0,0,655,168,0,0
4035,4035,0,167,0,0,655,168,0,0
4036,4036,0,167,0,0,655,168,0,0
4037,4037,0,167,0,0,655,168,0,0
4038,4038,0,167,0,0,655,168,0,0
4039,4039,0,167,0,0,655,168,0,0
4040,4040,0,167,0,0,655,168,0,0
4041,4041,0,167,0,0,655,168,0,0
4042,4042,0,167,0,0,655,168,0,0
4043,4043,0,167,0,0,655,168,0,4
4044,4044,0,167,0,0,655,168,0,4
4045,4045,0,167,0,0,655,168,0,4
4046,4046,0,167,0,0,655,168,0,4
4047,4047,0,167,0,0,655,168,0,1
4048,4048,0,167,0,0,655,168,0,1
4049,4049,0,167,0,0,655,168,0,1
4050,4050,0,167,0,0,655,168,0,2
4051,4051,0,167,0,0,655,168,0,2
4052,4052,0,167,0,0,655,168,0,2
4053,4053,0,167,0,0,655,168,0,2
4054,4054,0,167,0,0,655,168,0,2
4055,4055,0,168,0,0,655,168,0,2
4056,4056,0,168,0,0,655,168,0,2
4057,4057,0,168,0,0,655,168,0,2
4058,4058,0,168,0,0,655,168,0,2
4059,4059,0,168,0,0,655,168,0,2
4060,4060,0,168,0,0,655,168,0,2
4061,4061,0,168,0,0,655,168,0,2
4062,4062,0,168,0,0,655,168,0,2
4063,4063,0,168,0,0,655,168,0,2
4064,4064,0,168,0,0,655,168,0,2
4065,4065,0,168,0,0,655,168,0,2
4066,4066,0,168,0,0,655,168,0,0
4067,4067,0,168,0,0,655,168,0,0
4068,4068,0,168,0,0,655,168,0,0
4069,4069,0,168,0,0,655,168,0,2
4070,4070,0,168,0,0,655,168,0,2
4071,4071,0,168,0,0,655,168,0,2
4072,4072,0,168,0,0,655,168,0,2
4073,4073,0,168,0,0,655,168,0,2
4074,4074,0,168,0,0,655,168,0,2
4075,4075,0,168,0,0,655,168,0,2
4076,4076,0,168,0,0,655,168,0,2
4077,4077,0,168,0,0,655,168,0,0
4078,4078,0,168,0,0,655,168,0,0
4079,4079,0,168,0,0,655,168,0,0
4080,4080,0,168,0,0,655,168,0,2
4081,4081,0,168,0,0,655,168,0,2
4082,4082,0,168,0,0,655,168,0,2
4083,4083,0,168,0,0,655,168,0,2
4084,4084,0,168,0,0,655,168,0,2
4085,4085,0,168,0,0,655,169,0,2
4086,4086,0,168,0,0,655,169,0,2
4087,4087,0,168,0,0,655,169,0,2
4088,4088,0,168,0,0,655,169,0,0
4089,4089,0,168,0,0,655,169,0,0
4090,4090,0,168,0,0,655,169,0,0
4091,4091,0,168,0,0,655,169,0,2
4092,4092,0,168,0,0,655,169,0,2
4093,4093,0,168,0,0,655,169,0,2
4094,4094,0,168,0,0,655,169,0,2
4095,4095,0,168,0,0,655,169,0,2
4096,4096,1,168,0,0,655,169,1,2
4097,4097,0,168,0,0,655,169,0,2
4098,4098,0,168,0,0,655,169,0,2
4099,4099,0,168,0,0,655,169,0,0
4100,4100,0,168,0,0,655,169,0,0
4101,4101,0,168,0,0,655,169,0,0
4102,4102,0,168,0,0,655,169,0,1
4103,4103,0,168,0,0,655,169,0,1
4104,4104,0,168,0,0,655,169,0,1
4105,4105,0,168,0,0,655,169,0,1
4106,4106,0,168,0,0,655,169,0,0
4107,4107,0,168,0,0,655,169,0,0
4108,4108,0,168,0,0,655,169,0,0
4109,4109,0,168,0,0,655,169,0,0
4110,4110,0,168,0,0,655,169,0,0
4111,4111,0,168,0,0,655,169,0,0
4112,4112,0,168,0,0,655,169,0,0
4113,4113,0,168,0,0,655,169,0,0
4114,4114,0,168,0,0,655,169,0,0
4115,4115,0,168,0,0,655,169,0,0
4116,4116,0,168,0,0,655,169,0,0
4117,4117,0,168,0,0,655,169,0,0
4118,4118,0,168,0,0,655,169,0,2
4119,4119,0,168,0,0,655,169,0,2
4120,4120,0,168,0,0,655,169,0,2
4121,4121,0,168,0,0,655,169,0,2
4122,4122,0,168,0,0,655,169,0,2
4123,4123,0,168,0,0,655,169,0,2
4124,4124,0,168,0,0,655,169,0,2
4125,4125,0,168,0,0,655,169,0,2
4126,4126,0,168,0,0,655,169,0,2
4127,4127,0,168,0,0,655,169,0,2
4128,4128,0,168,0,0,655,169,0,2
4129,4129,0,168,0,0,655,169,0,6
4130,4130,0,168,0,0,655,169,0,6
4131,4131,0,168,0,0,655,169,0,6
4132,4132,0,168,0,0,655,169,0,2
4133,4133,0,168,0,0,655,169,0,2
4134,4134,0,168,0,0,655,169,0,2
4135,4135,0,168,0,0,655,169,0,2
4136,4136,0,168,0,0,655,169,0,0
4137,4137,0,168,0,0,655,169,0,0
4138,4138,0,168,0,0,655,169,0,0
4139,4139,0,168,0,0,655,169,0,2
4140,4140,0,168,0,0,655,169,0,2
4141,4141,0,168,0,0,655,169,0,2
4142,4142,0,168,0,0,655,169,0,7
4143,4143,0,168,0,0,655,169,0,7
4144,4144,0,168,0,0,655,169,0,7
4145,4145,0,168,0,0,655,169,0,2
4146,4146,0,168,0,0,655,169,0,2
4147,4147,0,168,0,0,655,169,0,2
4148,4148,0,168,0,0,655,169,0,2
4149,4149,0,168,0,0,655,169,0,6
4150,4150,0,168,0,0,655,169,0,6
4151,4151,0,168,0,0,655,169,0,6
4152,4152,0,168,0,0,655,169,0,2
4153,4153,0,168,0,0,655,169,0,2
4154,4154,0,168,0,0,655,169,0,2
4155,4155,0,168,0,0,655,169,0,2
4156,4156,0,168,0,0,655,169,0,0
4157,4157,0,168,0,0,655,169,0,0
4158,4158,0,168,0,0,655,169,0,0
4159,4159,0,168,0,0,655,169,0,2
4160,4160,0,168,0,0,655,169,0,2
4161,4161,0,168,0,0,655,169,0,2
4162,4162,0,168,0,0,655,169,0,7
4163,4163,0,168,0,0,655,169,0,7
4164,4164,0,168,0,0,655,169,0,7
4165,4165,0,168,0,0,655,169,0,2
4166,4166,0,168,0,0,655,169,0,2
4167,4167,0,168,0,0,655,169,0,2
4168,4168,0,168,0,0,655,169,0,2
4169,4169,0,168,0,0,655,169,0,6
4170,4170,0,168,0,0,655,169,0,6
4171,4171,0,168,0,0,655,169,0,6
4172,4172,0,168,0,0,655,169,0,2
4173,4173,0,168,0,0,655,169,0,2
4174,4174,0,168,0,0,655,169,0,2
4175,4175,0,168,0,0,655,169,0,2
4176,4176,0,168,0,0,655,169,0,0
4177,4177,0,168,0,0,655,169,0,0
4178,4178,0,168,0,0,655,169,0,0
4179,4179,0,168,0,0,655,169,0,2
4180,4180,0,168,0,0,655,169,0,2
4181,4181,0,168,0,0,655,169,0,2
4182,4182,0,168,0,0,655,169,0,7
4183,4183,0,168,0,0,655,169,0,7
4184,4184,0,168,0,0,655,169,0,7
4185,4185,0,168,0,0,655,169,0,2
4186,4186,0,168,0,0,655,169,0,2
4187,4187,0,168,0,0,655,169,0,2
4188,4188,0,168,0,0,655,169,0,2
4189,4189,0,168,0,0,655,169,0,6
4190,4190,0,168,0,0,655,169,0,6
4191,4191,0,168,0,0,655,169,0,6
4192,4192,0,168,0,0,655,169,0,2
4193,4193,0,168,0,0,655,169,0,2
4194,4194,0,168,0,0,655,169,0,2
4195,4195,0,168,0,0,655,169,0,2
4196,4196,0,168,0,0,655,169,0,0
4197,4197,0,168,0,0,655,169,0,0
4198,4198,0,168,0,0,655,169,0,0
4199,4199,0,168,0,0,655,169,0,2
4200,4200,0,168,0,0,655,169,0,2
4201,4201,0,168,0,0,655,169,0,2
4202,4202,0,168,0,0,655,169,0,7
4203,4203,0,168,0,0,655,169,0,7
4204,4204,0,168,0,0,655,169,0,7
4205,4205,0,168,0,0,655,169,0,2
4206,4206,0,168,0,0,655,169,0,2
4207,4207,0,168,0,0,655,169,0,2
4208,4208,0,168,0,0,655,169,0,2
4209,4209,0,168,0,0,655,169,0,6
4210,4210,0,168,0,0,655,169,0,6
4211,4211,0,168,0,0,655,169,0,6
4212,4212,0,168,0,0,655,169,0,2
4213,4213,0,168,0,0,655,169,0,2
4214,4214,0,168,0,0,655,169,0,2
4215,4215,0,168,0,0,655,169,0,2
4216,4216,0,168,0,0,655,169,0,0
4217,4217,0,168,0,0,655,169,0,0
4218,4218,0,168,0,0,655,169,0,0
4219,4219,0,168,0,0,655,169,0,2
4220,4220,0,168,0,0,655,169,0,2
4221,4221,0,168,0,0,655,169,0,2
4222,4222,0,168,0,0,655,169,0,7
4223,4223,0,168,0,0,655,169,0,7
4224,4224,0,168,0,0,655,169,0,7
4225,4225,0,168,0,0,655,169,0,2
4226,4226,0,168,0,0,655,169,0,2
4227,4227,0,168,0,0,655,169,0,2
4228,4228,0,168,0,0,655,169,0,2
4229,4229,0,168,0,0,655,169,0,6
4230,4230,0,168,0,0,655,169,0,6
4231,4231,0,168,0,0,655,169,0,6
4232,4232,0,168,0,0,655,169,0,2
4233,4233,0,168,0,0,655,169,0,2
4234,4234,0,168,0,0,655,169,0,2
4235,4235,0,168,0,0,655,169,0,2
4236,4236,0,168,0,0,655,169,0,0
4237,4237,0,168,0,0,655,169,0,0
4238,4238,0,168,0,0,655,169,0,0
4239,4239,0,168,0,0,655,169,0,2
4240,4240,0,168,0,0,655,169,0,2
4241,4241,0,168,0,0,655,169,0,2
4242,4242,0,168,0,0,655,169,0,7
4243,4243,0,168,0,0,655,169,0,7
4244,4244,0,168,0,0,655,169,0,7
4245,4245,0,168,0,0,655,169,0,2
4246,4246,0,168,0,0,655,169,0,2
4247,4247,0,168,0,0,655,169,0,2
4248,4248,0,168,0,0,655,169,0,2
4249,4249,0,168,0,0,655,169,0,6
4250,4250,0,168,0,0,655,169,0,6
4251,4251,0,168,0,0,655,169,0,6
4252,4252,0,168,0,0,655,169,0,2
4253,4253,0,168,0,0,655,169,0,2
4254,4254,0,168,0,0,655,169,0,2
4255,4255,0,168,0,0,655,169,0,2
4256,4256,0,168,0,0,655,169,0,0
4257,4257,0,168,0,0,655,169,0,0
4258,4258,0,168,0,0,655,169,0,0
4259,4259,0,168,0,0,655,169,0,2
4260,4260,0,168,0,0,655,169,0,2
4261,4261,0,168,0,0,655,169,0,2
4262,4262,0,168,0,0,655,169,0,7
4263,4263,0,168,0,0,655,169,0,7
4264,4264,0,168,0,0,655,169,0,7
4265,4265,0,168,0,0,655,169,0,2
4266,4266,0,168,0,0,655,169,0,2
4267,4267,0,168,0,0,655,169,0,2
4268,4268,0,168,0,0,655,169,0,2
4269,4269,0,168,0,0,655,169,0,6
4270,4270,0,168,0,0,655,169,0,6
4271,4271,0,168,0,0,655,169,0,6
4272,4272,0,168,0,0,655,169,0,2
4273,4273,0,168,0,0,655,169,0,2
4274,4274,0,168,0,0,655,169,0,2
4275,4275,0,168,0,0,655,169,0,2
4276,4276,0,168,0,0,655,169,0,0
4277,4277,0,168,0,0,655,169,0,0
4278,4278,0,168,0,0,655,169,0,0
4279,4279,0,168,0,0,655,169,0,2
4280,4280,0,168,0,0,655,169,0,2
4281,4281,0,168,0,0,655,169,0,2
4282,4282,0,168,0,0,655,169,0,7
4283,4283,0,168,0,0,655,169,0,7
4284,4284,0,168,0,0,655,169,0,7
4285,4285,0,168,0,0,655,169,0,2
4286,4286,0,168,0,0,655,169,0,2
4287,4287,0,168,0,0,655,169,0,2
4288,4288,0,168,0,0,655,169,0,2
4289,4289,0,168,0,0,655,169,0,6
4290,4290,0,168,0,0,655,169,0,6
4291,4291,0,168,0,0,655,169,0,6
4292,4292,0,168,0,0,655,169,0,2
4293,4293,0,168,0,0,655,169,0,2
4294,4294,0,168,0,0,655,169,0,2
4295,4295,0,168,0,0,655,169,0,2
4296,4296,0,168,0,0,655,169,0,0
4297,4297,0,168,0,0,655,169,0,0
4298,4298,0,168,0,0,655,169,0,0
4299,4299,0,168,0,0,655,169,0,2
4300,4300,0,168,0,0,655,169,0,2
4301,4301,0,168,0,0,655,169,0,2
4302,4302,0,168,0,0,655,169,0,7
4303,4303,0,168,0,0,655,169,0,7
4304,4304,0,168,0,0,655,169,0,7
4305,4305,0,168,0,0,655,169,0,2
4306,4306,0,168,0,0,655,169,0,2
4307,4307,0,168,0,0,655,169,0,2
4308,4308,0,168,0,0,655,169,0,2
4309,4309,0,168,0,0,655,169,0,6
4310,4310,0,168,0,0,655,169,0,6
4311,4311,0,168,0,0,655,169,0,6
4312,4312,0,168,0,0,655,169,0,2
4313,4313,0,168,0,0,655,169,0,2
4314,4314,0,168,0,0,655,169,0,2
4315,4315,0,168,0,0,655,169,0,2
4316,4316,0,168,0,0,655,169,0,0
4317,4317,0,168,0,0,655,169,0,0
4318,4318,0,168,0,0,655,169,0,0
4319,4319,0,168,0,0,655,169,0,2
4320,4320,0,168,0,0,655,169,0,2
4321,4321,0,168,0,0,655,169,0,2
4322,4322,0,168,0,0,655,169,0,7
4323,4323,0,168,0,0,655,169,0,7
4324,4324,0,168,0,0,655,169,0,7
4325,4325,0,168,0,0,655,169,0,2
4326,4326,0,168,0,0,655,169,0,2
4327,4327,0,168,0,0,655,169,0,2
4328,4328,0,168,0,0,655,169,0,2
4329,4329,0,168,0,0,655,169,0,6
4330,4330,0,168,0,0,655,169,0,6
4331,4331,0,168,0,0,655,169,0,6
4332,4332,0,168,0,0,655,169,0,2
4333,4333,0,168,0,0,655,169,0,2
4334,4334,0,168,0,0,655,169,0,2
4335,4335,0,168,0,0,655,169,0,2
4336,4336,0,168,0,0,655,169,0,0
4337,4337,0,168,0,0,655,169,0,0
4338,4338,0,168,0,0,655,169,0,0
4339,4339,0,168,0,0,655,169,0,2
4340,4340,0,168,0,0,655,169,0,2
4341,4341,0,168,0,0,655,169,0,2
4342,4342,0,168,0,0,655,169,0,7
4343,4343,0,168,0,0,655,169,0,7
4344,4344,0,168,0,0,655,169,0,7
4345,4345,0,168,0,0,655,169,0,2
4346,4346,0,168,0,0,655,169,0,2
4347,4347,0,168,0,0,655,169,0,2
4348,4348,0,168,0,0,655,169,0,2
4349,4349,0,168,0,0,655,169,0,6
4350,4350,0,168,0,0,655,169,0,6
4351,4351,0,168,0,0,655,169,0,6
4352,4352,0,168,0,0,655,169,0,2
4353,4353,0,168,0,0,655,169,0,2
4354,4354,0,168,0,0,655,169,0,2
4355,4355,0,168,0,0,655,169,0,2
4356,4356,0,168,0,0,655,169,0,0
4357,4357,0,168,0,0,655,169,0,0
4358,4358,0,168,0,0,655,169,0,0
4359,4359,0,168,0,0,655,169,0,2
4360,4360,0,168,0,0,655,169,0,2
4361,4361,0,168,0,0,655,169,0,2
4362,4362,0,168,0,0,655,169,0,7
4363,4363,0,168,0,0,655,169,0,7
4364,4364,0,168,0,0,655,169,0,7
4365,4365,0,168,0,0,655,169,0,2
4366,4366,0,168,0,0,655,169,0,2
4367,4367,0,168,0,0,655,169,0,2
4368,4368,0,168,0,0,655,169,0,2
4369,4369,0,168,0,0,655,169,0,6
4370,4370,0,168,0,0,655,169,0,6
4371,4371,0,168,0,0,655,169,0,6
4372,4372,0,168,0,0,655,169,0,2
4373,4373,0,168,0,0,655,169,0,2
4374,4374,0,168,0,0,655,169,0,2
4375,4375,0,168,0,0,655,169,0,2
4376,4376,0,168,0,0,655,169,0,0
4377,4377,0,168,0,0,655,169,0,0
4378,4378,0,168,0,0,655,169,0,0
4379,4379,0,168,0,0,655,169,0,2
4380,4380,0,168,0,0,655,169,0,2
4381,4381,0,168,0,0,655,169,0,2
4382,4382,0,168,0,0,655,169,0,7
4383,4383,0,168,0,0,655,169,0,7
4384,4384,0,168,0,0,655,169,0,7
4385,4385,0,168,0,0,655,169,0,2
4386,4386,0,168,0,0,655,169,0,2
4387,4387,0,168,0,0,655,169,0,2
4388,4388,0,168,0,0,655,169,0,2
4389,4389,0,168,0,0,655,169,0,6
4390,4390,0,168,0,0,655,169,0,6
4391,4391,0,168,0,0,655,169,0,6
4392,4392,0,168,0,0,655,169,0,2
4393,4393,0,168,0,0,655,169,0,2
4394,4394,0,168,0,0,655,169,0,2
4395,4395,0,168,0,0,655,169,0,2
4396,4396,0,168,0,0,655,169,0,0
4397,4397,0,168,0,0,655,169,0,0
4398,4398,0,168,0,0,655,169,0,0
4399,4399,0,168,0,0,655,169,0,2
4400,4400,0,168,0,0,655,169,0,2
4401,4401,0,168,0,0,655,169,0,2
4402,4402,0,168,0,0,655,169,0,7
4403,4403,0,168,0,0,655,169,0,7
4404,4404,0,168,0,0,655,169,0,7
4405,4405,0,168,0,0,655,169,0,2
4406,4406,0,168,0,0,655,169,0,2
4407,4407,0,168,0,0,655,169,0,2
4408,4408,0,168,0,0,655,169,0,2
4409,4409,0,168,0,0,655,169,0,6
4410,4410,0,168,0,0,655,169,0,6
4411,4411,0,168,0,0,655,169,0,6
4412,4412,0,168,0,0,655,169,0,2
4413,4413,0,168,0,0,655,169,0,2
4414,4414,0,168,0,0,655,169,0,2
4415,4415,0,168,0,0,655,169,0,2
4416,4416,0,168,0,0,655,169,0,0
4417,4417,0,168,0,0,655,169,0,0
4418,4418,0,168,0,0,655,169,0,0
4419,4419,0,168,0,0,655,169,0,2
4420,4420,0,168,0,0,655,169,0,2
4421,4421,0,168,0,0,655,169,0,2
4422,4422,0,168,0,0,655,169,0,7
4423,4423,0,168,0,0,655,169,0,7
4424,4424,0,168,0,0,655,169,0,7
4425,4425,0,168,0,0,655,169,0,2
4426,4426,0,168,0,0,655,169,0,2
4427,4427,0,168,0,0,655,169,0,2
4428,4428,0,168,0,0,655,169,0,2
4429,4429,0,168,0,0,655,169,0,6
4430,4430,0,168,0,0,655,169,0,6
4431,4431,0,168,0,0,655,169,0,6
4432,4432,0,168,0,0,655,169,0,2
4433,4433,0,168,0,0,655,169,0,2
4434,4434,0,168,0,0,655,169,0,2
4435,4435,0,168,0,0,655,169,0,2
4436,4436,0,168,0,0,655,169,0,0
4437,4437,0,168,0,0,655,169,0,0
4438,4438,0,168,0,0,655,169,0,0
4439,4439,0,168,0,0,655,169,0,2
4440,4440,0,168,0,0,655,169,0,2
4441,4441,0,168,0,0,655,169,0,2
4442,4442,0,168,0,0,655,169,0,7
4443,4443,0,168,0,0,655,169,0,7
4444,4444,0,168,0,0,655,169,0,7
4445,4445,0,168,0,0,655,169,0,2
4446,4446,0,168,0,0,655,169,0,2
4447,4447,0,168,0,0,655,169,0,2
4448,4448,0,168,0,0,655,169,0,2
4449,4449,0,168,0,0,655,169,0,6
4450,4450,0,168,0,0,655,169,0,6
4451,4451,0,168,0,0,655,169,0,6
4452,4452,0,168,0,0,655,169,0,2
4453,4453,0,168,0,0,655,169,0,2
4454,4454,0,168,0,0,655,169,0,2
4455,4455,0,168,0,0,655,169,0,2
4456,4456,0,168,0,0,655,169,0,0
4457,4457,0,168,0,0,655,169,0,0
4458,4458,0,168,0,0,655,169,0,0
4459,4459,0,168,0,0,655,169,0,2
4460,4460,0,168,0,0,655,169,0,2
4461,4461,0,168,0,0,655,169,0,2
4462,4462,0,168,0,0,655,169,0,7
4463,4463,0,168,0,0,655,169,0,7
4464,4464,0,168,0,0,655,169,0,7
4465,4465,0,168,0,0,655,169,0,2
4466,4466,0,168,0,0,655,169,0,2
4467,4467,0,168,0,0,655,169,0,2
4468,4468,0,168,0,0,655,169,0,2
4469,4469,0,168,0,0,655,169,0,6
4470,4470,0,168,0,0,655,169,0,6
4471,4471,0,168,0,0,655,169,0,6
4472,4472,0,168,0,0,655,169,0,2
4473,4473,0,168,0,0,655,169,0,2
4474,4474,0,168,0,0,655,169,0,2
4475,4475,0,168,0,0,655,169,0,2
4476,4476,0,168,0,0,655,169,0,0
4477,4477,0,168,0,0,655,169,0,0
4478,4478,0,168,0,0,655,169,0,0
4479,4479,0,168,0,0,655,169,0,2
4480,4480,0,168,0,0,655,169,0,2
4481,4481,0,168,0,0,655,169,0,2
4482,4482,0,168,0,0,655,169,0,7
4483,4483,0,168,0,0,655,169,0,7
4484,4484,0,168,0,0,655,169,0,7
4485,4485,0,168,0,0,655,169,0,2
4486,4486,0,168,0,0,655,169,0,2
4487,4487,0,168,0,0,655,169,0,2
4488,4488,0,168,0,0,655,169,0,2
4489,4489,0,168,0,0,655,169,0,6
4490,4490,0,168,0,0,655,169,0,6
4491,4491,0,168,0,0,655,169,0,6
4492,4492,0,168,0,0,655,169,0,2
4493,4493,0,168,0,0,655,169,0,2
4494,4494,0,168,0,0,655,169,0,2
4495,4495,0,168,0,0,655,169,0,2
4496,4496,0,168,0,0,655,169,0,0
4497,4497,0,168,0,0,655,169,0,0
4498,4498,0,168,0,0,655,169,0,0
4499,4499,0,168,0,0,655,169,0,2
4500,4500,0,168,0,0,655,169,0,2
4501,4501,0,168,0,0,655,169,0,2
4502,4502,0,168,0,0,655,169,0,7
4503,4503,0,168,0,0,655,169,0,7
4504,4504,0,168,0,0,655,169,0,7
4505,4505,0,168,0,0,655,169,0,2
4506,4506,0,168,0,0,655,169,0,2
4507,4507,0,168,0,0,655,169,0,2
4508,4508,0,168,0,0,655,169,0,2
4509,4509,0,168,0,0,655,169,0,6
4510,4510,0,168,0,0,655,169,0,6
4511,4511,0,168,0,0,655,169,0,6
4512,4512,0,168,0,0,655,169,0,2
4513,4513,0,168,0,0,655,169,0,2
4514,4514,0,168,0,0,655,169,0,2
4515,4515,0,168,0,0,655,169,0,2
4516,4516,0,168,0,0,655,169,0,0
4517,4517,0,168,0,0,655,169,0,0
4518,4518,0,168,0,0,655,169,0,0
4519,4519,0,168,0,0,655,169,0,2
4520,4520,0,168,0,0,655,169,0,2
4521,4521,0,168,0,0,655,169,0,2
4522,4522,0,168,0,0,655,169,0,7
4523,4523,0,168,0,0,655,169,0,7
4524,4524,0,168,0,0,655,169,0,7
4525,4525,0,168,0,0,655,169,0,2
4526,4526,0,168,0,0,655,169,0,2
4527,4527,0,168,0,0,655,169,0,2
4528,4528,0,168,0,0,655,169,0,2
4529,4529,0,168,0,0,655,169,0,6
4530,4530,0,168,0,0,655,169,0,6
4531,4531,0,168,0,0,655,169,0,6
4532,4532,0,168,0,0,655,169,0,2
4533,4533,0,168,0,0,655,169,0,2
4534,4534,0,168,0,0,655,169,0,2
4535,4535,0,168,0,0,655,169,0,2
4536,4536,0,168,0,0,655,169,0,0
4537,4537,0,168,0,0,655,169,0,0
4538,4538,0,168,0,0,655,169,0,0
4539,4539,0,168,0,0,655,169,0,2
4540,4540,0,168,0,0,655,169,0,2
4541,4541,0,168,0,0,655,169,0,2
4542,4542,0,168,0,0,655,169,0,7
4543,4543,0,168,0,0,655,169,0,7
4544,4544,0,168,0,0,655,169,0,7
4545,4545,0,168,0,0,655,169,0,2
4546,4546,0,168,0,0,655,169,0,2
4547,4547,0,168,0,0,655,169,0,2
4548,4548,0,168,0,0,655,169,0,2
4549,4549,0,168,0,0,655,169,0,6
4550,4550,0,168,0,0,655,169,0,6
4551,4551,0,168,0,0,655,169,0,6
4552,4552,0,168,0,0,655,169,0,2
4553,4553,0,168,0,0,655,169,0,2
4554,4554,0,168,0,0,655,169,0,2
4555,4555,0,168,0,0,655,169,0,2
4556,4556,0,168,0,0,655,169,0,0
4557,4557,0,168,0,0,655,169,0,0
4558,4558,0,168,0,0,655,169,0,0
4559,4559,0,168,0,0,655,169,0,2
4560,4560,0,168,0,0,655,169,0,2
4561,4561,0,168,0,0,655,169,0,2
4562,4562,0,168,0,0,655,169,0,7
4563,4563,0,168,0,0,655,169,0,7
4564,4564,0,168,0,0,655,169,0,7
4565,4565,0,168,0,0,655,169,0,2
4566,4566,0,168,0,0,655,169,0,2
4567,4567,0,168,0,0,655,169,0,2
4568,4568,0,168,0,0,655,169,0,2
4569,4569,0,168,0,0,655,169,0,6
4570,4570,0,168,0,0,655,169,0,6
4571,4571,0,168,0,0,655,169,0,6
4572,4572,0,168,0,0,655,169,0,2
4573,4573,0,168,0,0,655,169,0,2
4574,4574,0,168,0,0,655,169,0,2
4575,4575,0,168,0,0,655,169,0,2
4576,4576,0,168,0,0,655,169,0,0
4577,4577,0,168,0,0,655,169,0,0
4578,4578,0,168,0,0,655,169,0,0
4579,4579,0,168,0,0,655,169,0,2
4580,4580,0,168,0,0,655,169,0,2
4581,4581,0,168,0,0,655,169,0,2
4582,4582,0,168,0,0,655,169,0,7
4583,4583,0,168,0,0,655,169,0,7
4584,4584,0,168,0,0,655,169,0,7
4585,4585,0,168,0,0,655,169,0,2
4586,4586,0,168,0,0,655,169,0,2
4587,4587,0,168,0,0,655,169,0,2
4588,4588,0,168,0,0,655,169,0,2
4589,4589,0,168,0,0,655,169,0,6
4590,4590,0,168,0,0,655,169,0,6
4591,4591,0,168,0,0,655,169,0,6
4592,4592,0,168,0,0,655,169,0,2
4593,4593,0,168,0,0,655,169,0,2
4594,4594,0,168,0,0,655,169,0,2
4595,4595,0,168,0,0,655,169,0,2
4596,4596,0,168,0,0,655,169,0,0
4597,4597,0,168,0,0,655,169,0,0
4598,4598,0,168,0,0,655,169,0,0
4599,4599,0,168,0,0,655,169,0,2
4600,4600,0,168,0,0,655,169,0,2
4601,4601,0,168,0,0,655,169,0,2
4602,4602,0,168,0,0,655,169,0,7
4603,4603,0,168,0,0,655,169,0,7
4604,4604,0,168,0,0,655,169,0,7
4605,4605,0,168,0,0,655,169,0,2
4606,4606,0,168,0,0,655,169,0,2
4607,4607,0,168,0,0,655,169,0,2
4608,4608,0,168,0,0,655,169,0,2
4609,4609,0,168,0,0,655,169,0,6
4610,4610,0,168,0,0,655,169,0,6
4611,4611,0,168,0,0,655,169,0,6
4612,4612,0,168,0,0,655,169,0,2
4613,4613,0,168,0,0,655,169,0,2
4614,4614,0,168,0,0,655,169,0,2
4615,4615,0,168,0,0,655,169,0,2
4616,4616,0,168,0,0,655,169,0,0
4617,4617,0,168,0,0,655,169,0,0
4618,4618,0,168,0,0,655,169,0,0
4619,4619,0,168,0,0,655,169,0,2
4620,4620,0,168,0,0,655,169,0,2
4621,4621,0,168,0,0,655,169,0,2
4622,4622,0,168,0,0,655,169,0,7
4623,4623,0,168,0,0,655,169,0,7
4624,4624,0,168,0,0,655,169,0,7
4625,4625,0,168,0,0,655,169,0,2
4626,4626,0,168,0,0,655,169,0,2
4627,4627,0,168,0,0,655,169,0,2
4628,4628,0,168,0,0,655,169,0,2
4629,4629,0,168,0,0,655,169,0,6
4630,4630,0,168,0,0,655,169,0,6
4631,4631,0,168,0,0,655,169,0,6
4632,4632,0,168,0,0,655,169,0,2
4633,4633,0,168,0,0,655,169,0,2
4634,4634,0,168,0,0,655,169,0,2
4635,4635,0,168,0,0,655,169,0,2
4636,4636,0,168,0,0,655,169,0,0
4637,4637,0,168,0,0,655,169,0,0
4638,4638,0,168,0,0,655,169,0,0
4639,4639,0,168,0,0,655,169,0,2
4640,4640,0,168,0,0,655,169,0,2
4641,4641,0,168,0,0,655,169,0,2
4642,4642,0,168,0,0,655,169,0,7
4643,4643,0,168,0,0,655,169,0,7
4644,4644,0,168,0,0,655,169,0,7
4645,4645,0,168,0,0,655,169,0,2
4646,4646,0,168,0,0,655,169,0,2
4647,4647,0,168,0,0,655,169,0,2
4648,4648,0,168,0,0,655,169,0,2
4649,4649,0,168,0,0,655,169,0,6
4650,4650,0,168,0,0,655,169,0,6
4651,4651,0,168,0,0,655,169,0,6
4652,4652,0,168,0,0,655,169,0,2
4653,4653,0,168,0,0,655,169,0,2
4654,4654,0,168,0,0,655,169,0,2
4655,4655,0,168,0,0,655,169,0,2
4656,4656,0,168,0,0,655,169,0,0
4657,4657,0,168,0,0,655,169,0,0
4658,4658,0,168,0,0,655,169,0,0
4659,4659,0,168,0,0,655,169,0,2
4660,4660,0,168,0,0,655,169,0,2
4661,4661,0,168,0,0,655,169,0,2
4662,4662,0,168,0,0,655,169,0,7
4663,4663,0,168,0,0,655,169,0,7
4664,4664,0,168,0,0,655,169,0,7
4665,4665,0,168,0,0,655,169,0,2
4666,4666,0,168,0,0,655,169,0,2
4667,4667,0,168,0,0,655,169,0,2
4668,4668,0,168,0,0,655,169,0,2
4669,4669,0,168,0,0,655,169,0,6
4670,4670,0,168,0,0,655,169,0,6
4671,4671,0,168,0,0,655,169,0,6
4672,4672,0,168,0,0,655,169,0,2
4673,4673,0,168,0,0,655,169,0,2
4674,4674,0,168,0,0,655,169,0,2
4675,4675,0,168,0,0,655,169,0,2
4676,4676,0,168,0,0,655,169,0,0
4677,4677,0,168,0,0,655,169,0,0
4678,4678,0,168,0,0,655,169,0,0
4679,4679,0,168,0,0,655,169,0,2
4680,4680,0,168,0,0,655,169,0,2
4681,4681,0,168,0,0,655,169,0,2
4682,4682,0,168,0,0,655,169,0,7
4683,4683,0,168,0,0,655,169,0,7
4684,4684,0,168,0,0,655,169,0,7
4685,4685,0,168,0,0,655,169,0,2
4686,4686,0,168,0,0,655,169,0,2
4687,4687,0,168,0,0,655,169,0,2
4688,4688,0,168,0,0,655,169,0,2
4689,4689,0,168,0,0,655,169,0,6
4690,4690,0,168,0,0,655,169,0,6
4691,4691,0,168,0,0,655,169,0,6
4692,4692,0,168,0,0,655,169,0,2
4693,4693,0,168,0,0,655,169,0,2
4694,4694,0,168,0,0,655,169,0,2
4695,4695,0,168,0,0,655,169,0,2
4696,4696,0,168,0,0,655,169,0,0
4697,4697,0,168,0,0,655,169,0,0
4698,4698,0,168,0,0,655,169,0,0
4699,4699,0,168,0,0,655,169,0,2
4700,4700,0,168,0,0,655,169,0,2
4701,4701,0,168,0,0,655,169,0,2
4702,4702,0,168,0,0,655,169,0,7
4703,4703,0,168,0,0,655,169,0,7
4704,4704,0,168,0,0,655,169,0,7
4705,4705,0,168,0,0,655,169,0,2
4706,4706,0,168,0,0,655,169,0,2
4707,4707,0,168,0,0,655,169,0,2
4708,4708,0,168,0,0,655,169,0,2
4709,4709,0,168,0,0,655,169,0,6
4710,4710,0,168,0,0,655,169,0,6
4711,4711,0,168,0,0,655,169,0,6
4712,4712,0,168,0,0,655,169,0,2
4713,4713,0,168,0,0,655,169,0,2
4714,4714,0,168,0,0,655,169,0,2
4715,4715,0,168,0,0,655,169,0,2
4716,4716,0,168,0,0,655,169,0,0
4717,4717,0,168,0,0,655,169,0,0
4718,4718,0,168,0,0,655,169,0,0
4719,4719,0,168,0,0,655,169,0,2
4720,4720,0,168,0,0,655,169,0,2
4721,4721,0,168,0,0,655,169,0,2
4722,4722,0,168,0,0,655,169,0,7
4723,4723,0,168,0,0,655,169,0,7
4724,4724,0,168,0,0,655,169,0,7
4725,4725,0,168,0,0,655,169,0,2
4726,4726,0,168,0,0,655,169,0,2
4727,4727,0,168,0,0,655,169,0,2
4728,4728,0,168,0,0,655,169,0,2
4729,4729,0,168,0,0,655,169,0,6
4730,4730,0,168,0,0,655,169,0,6
4731,4731,0,168,0,0,655,169,0,6
4732,4732,0,168,0,0,655,169,0,2
4733,4733,0,168,0,0,655,169,0,2
4734,4734,0,168,0,0,655,169,0,2
4735,4735,0,168,0,0,655,169,0,2
4736,4736,0,168,0,0,655,169,0,0
4737,4737,0,168,0,0,655,169,0,0
4738,4738,0,168,0,0,655,169,0,0
4739,4739,0,168,0,0,655,169,0,2
4740,4740,0,168,0,0,655,169,0,2
4741,4741,0,168,0,0,655,169,0,2
4742,4742,0,168,0,0,655,169,0,7
4743,4743,0,168,0,0,655,169,0,7
4744,4744,0,168,0,0,655,169,0,7
4745,4745,0,168,0,0,655,169,0,2
4746,4746,0,168,0,0,655,169,0,2
4747,4747,0,168,0,0,655,169,0,2
4748,4748,0,168,0,0,655,169,0,2
4749,4749,0,168,0,0,655,169,0,6
4750,4750,0,168,0,0,655,169,0,6
4751,4751,0,168,0,0,655,169,0,6
4752,4752,0,168,0,0,655,169,0,2
4753,4753,0,168,0,0,655,169,0,2
4754,4754,0,168,0,0,655,169,0,2
4755,4755,0,168,0,0,655,169,0,2
4756,4756,0,168,0,0,655,169,0,0
4757,4757,0,168,0,0,655,169,0,0
4758,4758,0,168,0,0,655,169,0,0
4759,4759,0,168,0,0,655,169,0,2
4760,4760,0,168,0,0,655,169,0,2
4761,4761,0,168,0,0,655,169,0,2
4762,4762,0,168,0,0,655,169,0,7
4763,4763,0,168,0,0,655,169,0,7
4764,4764,0,168,0,0,655,169,0,7
4765,4765,0,168,0,0,655,169,0,2
4766,4766,0,168,0,0,655,169,0,2
4767,4767,0,168,0,0,655,169,0,2
4768,4768,0,168,0,0,655,169,0,2
4769,4769,0,168,0,0,655,169,0,6
4770,4770,0,168,0,0,655,169,0,6
4771,4771,0,168,0,0,655,169,0,6
4772,4772,0,168,0,0,655,169,0,2
4773,4773,0,168,0,0,655,169,0,2
4774,4774,0,168,0,0,655,169,0,2
4775,4775,0,168,0,0,655,169,0,2
4776,4776,0,168,0,0,655,169,0,0
4777,4777,0,168,0,0,655,169,0,0
4778,4778,0,168,0,0,655,169,0,0
4779,4779,0,168,0,0,655,169,0,2
4780,4780,0,168,0,0,655,169,0,2
4781,4781,0,168,0,0,655,169,0,2
4782,4782,0,168,0,0,655,169,0,7
4783,4783,0,168,0,0,655,169,0,7
4784,4784,0,168,0,0,655,169,0,7
4785,4785,0,168,0,0,655,169,0,2
4786,4786,0,168,0,0,655,169,0,2
4787,4787,0,168,0,0,655,169,0,2
4788,4788,0,168,0,0,655,169,0,2
4789,4789,0,168,0,0,655,169,0,6
4790,4790,0,168,0,0,655,169,0,6
4791,4791,0,168,0,0,655,169,0,6
4792,4792,0,168,0,0,655,169,0,2
4793,4793,0,168,0,0,655,169,0,2
4794,4794,0,168,0,0,655,169,0,2
4795,4795,0,168,0,0,655,169,0,2
4796,4796,0,168,0,0,655,169,0,0
4797,4797,0,168,0,0,655,169,0,0
4798,4798,0,168,0,0,655,169,0,0
4799,4799,0,168,0,0,655,169,0,2
4800,4800,0,168,0,0,655,169,0,2
4801,4801,0,168,0,0,655,169,0,2
4802,4802,0,168,0,0,655,169,0,7
4803,4803,0,168,0,0,655,169,0,7
4804,4804,0,168,0,0,655,169,0,7
4805,4805,0,168,0,0,655,169,0,2
4806,4806,0,168,0,0,655,169,0,2
4807,4807,0,168,0,0,655,169,0,2
4808,4808,0,168,0,0,655,169,0,2
4809,4809,0,168,0,0,655,169,0,6
4810,4810,0,168,0,0,655,169,0,6
4811,4811,0,168,0,0,655,169,0,6
4812,4812,0,168,0,0,655,169,0,2
4813,4813,0,168,0,0,655,169,0,2
4814,4814,0,168,0,0,655,169,0,2
4815,4815,0,168,0,0,655,169,0,2
4816,4816,0,168,0,0,655,169,0,0
4817,4817,0,168,0,0,655,169,0,0
4818,4818,0,168,0,0,655,169,0,0
4819,4819,0,168,0,0,655,169,0,2
4820,4820,0,168,0,0,655,169,0,2
4821,4821,0,168,0,0,655,169,0,2
4822,4822,0,168,0,0,655,169,0,7
4823,4823,0,168,0,0,655,169,0,7
4824,4824,0,168,0,0,655,169,0,7
4825,4825,0,168,0,0,655,169,0,2
4826,4826,0,168,0,0,655,169,0,2
4827,4827,0,168,0,0,655,169,0,2
4828,4828,0,168,0,0,655,169,0,2
4829,4829,0,168,0,0,655,169,0,6
4830,4830,0,168,0,0,655,169,0,6
4831,4831,0,168,0,0,655,169,0,6
4832,4832,0,168,0,0,655,169,0,2
4833,4833,0,168,0,0,655,169,0,2
4834,4834,0,168,0,0,655,169,0,2
4835,4835,0,168,0,0,655,169,0,2
4836,4836,0,168,0,0,655,169,0,0
4837,4837,0,168,0,0,655,169,0,0
4838,4838,0,168,0,0,655,169,0,0
4839,4839,0,168,0,0,655,169,0,2
4840,4840,0,168,0,0,655,169,0,2
4841,4841,0,168,0,0,655,169,0,2
4842,4842,0,168,0,0,655,169,0,7
4843,4843,0,168,0,0,655,169,0,7
4844,4844,0,168,0,0,655,169,0,7
4845,4845,0,168,0,0,655,169,0,2
4846,4846,0,168,0,0,655,169,0,2
4847,4847,0,168,0,0,655,169,0,2
4848,4848,0,168,0,0,655,169,0,2
4849,4849,0,168,0,0,655,169,0,6
4850,4850,0,168,0,0,655,169,0,6
4851,4851,0,168,0,0,655,169,0,6
4852,4852,0,168,0,0,655,169,0,2
4853,4853,0,168,0,0,655,169,0,2
4854,4854,0,168,0,0,655,169,0,2
4855,4855,0,168,0,0,655,169,0,2
4856,4856,0,168,0,0,655,169,0,0
4857,4857,0,168,0,0,655,169,0,0
4858,4858,0,168,0,0,655,169,0,0
4859,4859,0,168,0,0,655,169,0,2
4860,4860,0,168,0,0,655,169,0,2
4861,4861,0,168,0,0,655,169,0,2
4862,4862,0,168,0,0,655,169,0,7
4863,4863,0,168,0,0,655,169,0,7
4864,4864,0,168,0,0,655,169,0,7
4865,4865,0,168,0,0,655,169,0,2
4866,4866,0,168,0,0,655,169,0,2
4867,4867,0,168,0,0,655,169,0,2
4868,4868,0,168,0,0,655,169,0,2
4869,4869,0,168,0,0,655,169,0,6
4870,4870,0,168,0,0,655,169,0,6
4871,4871,0,168,0,0,655,169,0,6
4872,4872,0,168,0,0,655,169,0,2
4873,4873,0,168,0,0,655,169,0,2
4874,4874,0,168,0,0,655,169,0,2
4875,4875,0,168,0,0,655,169,0,2
4876,4876,0,168,0,0,655,169,0,0
4877,4877,0,168,0,0,655,169,0,0
4878,4878,0,168,0,0,655,169,0,0
4879,4879,0,168,0,0,655,169,0,2
4880,4880,0,168,0,0,655,169,0,2
4881,4881,0,168,0,0,655,169,0,2
4882,4882,0,168,0,0,655,169,0,7
4883,4883,0,168,0,0,655,169,0,7
4884,4884,0,168,0,0,655,169,0,7
4885,4885,0,168,0,0,655,169,0,2
4886,4886,0,168,0,0,655,169,0,2
4887,4887,0,168,0,0,655,169,0,2
4888,4888,0,168,0,0,655,169,0,2
4889,4889,0,168,0,0,655,169,0,6
4890,4890,0,168,0,0,655,169,0,6
4891,4891,0,168,0,0,655,169,0,6
4892,4892,0,168,0,0,655,169,0,2
4893,4893,0,168,0,0,655,169,0,2
4894,4894,0,168,0,0,655,169,0,2
4895,4895,0,168,0,0,655,169,0,2
4896,4896,0,168,0,0,655,169,0,0
4897,4897,0,168,0,0,655,169,0,0
4898,4898,0,168,0,0,655,169,0,0
4899,4899,0,168,0,0,655,169,0,2
4900,4900,0,168,0,0,655,169,0,2
4901,4901,0,168,0,0,655,169,0,2
4902,4902,0,168,0,0,655,169,0,7
4903,4903,0,168,0,0,655,169,0,7
4904,4904,0,168,0,0,655,169,0,7
4905,4905,0,168,0,0,655,169,0,2
4906,4906,0,168,0,0,655,169,0,2
4907,4907,0,168,0,0,655,169,0,2
4908,4908,0,168,0,0,655,169,0,2
4909,4909,0,168,0,0,655,169,0,6
4910,4910,0,168,0,0,655,169,0,6
4911,4911,0,168,0,0,655,169,0,6
4912,4912,0,168,0,0,655,169,0,2
4913,4913,0,168,0,0,655,169,0,2
4914,4914,0,168,0,0,655,169,0,2
4915,4915,0,168,0,0,655,169,0,2
4916,4916,0,168,0,0,655,169,0,0
4917,4917,0,168,0,0,655,169,0,0
4918,4918,0,168,0,0,655,169,0,0
4919,4919,0,168,0,0,655,169,0,2
4920,4920,0,168,0,0,655,169,0,2
4921,4921,0,168,0,0,655,169,0,2
4922,4922,0,168,0,0,655,169,0,7
4923,4923,0,168,0,0,655,169,0,7
4924,4924,0,168,0,0,655,169,0,7
4925,4925,0,168,0,0,655,169,0,2
4926,4926,0,168,0,0,655,169,0,2
4927,4927,0,168,0,0,655,169,0,2
4928,4928,0,168,0,0,655,169,0,2
4929,4929,0,168,0,0,655,169,0,6
4930,4930,0,168,0,0,655,169,0,6
4931,4931,0,168,0,0,655,169,0,6
4932,4932,0,168,0,0,655,169,0,2
4933,4933,0,168,0,0,655,169,0,2
4934,4934,0,168,0,0,655,169,0,2
4935,4935,0,168,0,0,655,169,0,2
4936,4936,0,168,0,0,655,169,0,0
4937,4937,0,168,0,0,655,169,0,0
4938,4938,0,168,0,0,655,169,0,0
4939,4939,0,168,0,0,655,169,0,2
4940,4940,0,168,0,0,655,169,0,2
4941,4941,0,168,0,0,655,169,0,2
4942,4942,0,168,0,0,655,169,0,7
4943,4943,0,168,0,0,655,169,0,7
4944,4944,0,168,0,0,655,169,0,7
4945,4945,0,168,0,0,655,169,0,2
4946,4946,0,168,0,0,655,169,0,2
4947,4947,0,168,0,0,655,169,0,2
4948,4948,0,168,0,0,655,169,0,2
4949,4949,0,168,0,0,655,169,0,6
4950,4950,0,168,0,0,655,169,0,6
4951,4951,0,168,0,0,655,169,0,6
4952,4952,0,168,0,0,655,169,0,2
4953,4953,0,168,0,0,655,169,0,2
4954,4954,0,168,0,0,655,169,0,2
4955,4955,0,168,0,0,655,169,0,2
4956,4956,0,168,0,0,655,169,0,0
4957,4957,0,168,0,0,655,169,0,0
4958,4958,0,168,0,0,655,169,0,0
4959,4959,0,168,0,0,655,169,0,2
4960,4960,0,168,0,0,655,169,0,2
4961,4961,0,168,0,0,655,169,0,2
4962,4962,0,168,0,0,655,169,0,7
4963,4963,0,168,0,0,655,169,0,7
4964,4964,0,168,0,0,655,169,0,7
4965,4965,0,168,0,0,655,169,0,2
4966,4966,0,168,0,0,655,169,0,2
4967,4967,0,168,0,0,655,169,0,2
4968,4968,0,168,0,0,655,169,0,2
4969,4969,0,168,0,0,655,169,0,6
4970,4970,0,168,0,0,655,169,0,6
4971,4971,0,168,0,0,655,169,0,6
4972,4972,0,168,0,0,655,169,0,2
4973,4973,0,168,0,0,655,169,0,2
4974,4974,0,168,0,0,655,169,0,2
4975,4975,0,168,0,0,655,169,0,2
4976,4976,0,168,0,0,655,169,0,0
4977,4977,0,168,0,0,655,169,0,0
4978,4978,0,168,0,0,655,169,0,0
4979,4979,0,168,0,0,655,169,0,2
4980,4980,0,168,0,0,655,169,0,2
4981,4981,0,168,0,0,655,169,0,2
4982,4982,0,168,0,0,655,169,0,7
4983,4983,0,168,0,0,655,169,0,7
4984,4984,0,168,0,0,655,169,0,7
4985,4985,0,168,0,0,655,169,0,2
4986,4986,0,168,0,0,655,169,0,2
4987,4987,0,168,0,0,655,169,0,2
4988,4988,0,168,0,0,655,169,0,2
4989,4989,0,168,0,0,655,169,0,6
4990,4990,0,168,0,0,655,169,0,6
4991,4991,0,168,0,0,655,169,0,6
4992,4992,0,168,0,0,655,169,0,2
4993,4993,0,168,0,0,655,169,0,2
4994,4994,0,168,0,0,655,169,0,2
4995,4995,0,168,0,0,655,169,0,2
4996,4996,0,168,0,0,655,169,0,0
4997,4997,0,168,0,0,655,169,0,0
4998,4998,0,168,0,0,655,169,0,0
4999,4999,0,168,0,0,655,169,0,2
5000,5000,0,168,0,0,655,169,0,2
5001,5001,0,168,0,0,655,169,0,2
5002,5002,0,168,0,0,655,169,0,7
5003,5003,0,168,0,0,655,169,0,7
5004,5004,0,168,0,0,655,169,0,7
5005,5005,0,168,0,0,655,169,0,2
5006,5006,0,168,0,0,655,169,0,2
5007,5007,0,168,0,0,655,169,0,2
5008,5008,0,168,0,0,655,169,0,2
5009,5009,0,168,0,0,655,169,0,6
5010,5010,0,168,0,0,655,169,0,6
5011,5011,0,168,0,0,655,169,0,6
5012,5012,0,168,0,0,655,169,0,2
5013,5013,0,168,0,0,655,169,0,2
5014,5014,0,168,0,0,655,169,0,2
5015,5015,0,168,0,0,655,169,0,2
5016,5016,0,168,0,0,655,169,0,0
5017,5017,0,168,0,0,655,169,0,0
5018,5018,0,168,0,0,655,169,0,0
5019,5019,0,168,0,0,655,169,0,2
5020,5020,0,168,0,0,655,169,0,2
5021,5021,0,168,0,0,655,169,0,2
5022,5022,0,168,0,0,655,169,0,7
5023,5023,0,168,0,0,655,169,0,7
5024,5024,0,168,0,0,655,169,0,7
5025,5025,0,168,0,0,655,169,0,2
5026,5026,0,168,0,0,655,169,0,2
5027,5027,0,168,0,0,655,169,0,2
5028,5028,0,168,0,0,655,169,0,2
5029,5029,0,168,0,0,655,169,0,6
5030,5030,0,168,0,0,655,169,0,6
5031,5031,0,168,0,0,655,169,0,6
5032,5032,0,168,0,0,655,169,0,2
5033,5033,0,168,0,0,655,169,0,2
5034,5034,0,168,0,0,655,169,0,2
5035,5035,0,168,0,0,655,169,0,2
5036,5036,0,168,0,0,655,169,0,0
5037,5037,0,168,0,0,655,169,0,0
5038,5038,0,168,0,0,655,169,0,0
5039,5039,0,168,0,0,655,169,0,2
5040,5040,0,168,0,0,655,169,0,2
5041,5041,0,168,0,0,655,169,0,2
5042,5042,0,168,0,0,655,169,0,7
5043,5043,0,168,0,0,655,169,0,7
5044,5044,0,168,0,0,655,169,0,7
5045,5045,0,168,0,0,655,169,0,2
5046,5046,0,168,0,0,655,169,0,2
5047,5047,0,168,0,0,655,169,0,2
5048,5048,0,168,0,0,655,169,0,2
5049,5049,0,168,0,0,655,169,0,6
5050,5050,0,168,0,0,655,169,0,6
5051,5051,0,168,0,0,655,169,0,6
5052,5052,0,168,0,0,655,169,0,2
5053,5053,0,168,0,0,655,169,0,2
5054,5054,0,168,0,0,655,169,0,2
5055,5055,0,168,0,0,655,169,0,2
5056,5056,0,168,0,0,655,169,0,0
5057,5057,0,168,0,0,655,169,0,0
5058,5058,0,168,0,0,655,169,0,0
5059,5059,0,168,0,0,655,169,0,2
5060,5060,0,168,0,0,655,169,0,2
5061,5061,0,168,0,0,655,169,0,2
5062,5062,0,168,0,0,655,169,0,7
5063,5063,0,168,0,0,655,169,0,7
5064,5064,0,168,0,0,655,169,0,7
5065,5065,0,168,0,0,655,169,0,2
5066,5066,0,168,0,0,655,169,0,2
5067,5067,0,168,0,0,655,169,0,2
5068,5068,0,168,0,0,655,169,0,2
5069,5069,0,168,0,0,655,169,0,6
5070,5070,0,168,0,0,655,169,0,6
5071,5071,0,168,0,0,655,169,0,6
5072,5072,0,168,0,0,655,169,0,2
5073,5073,0,168,0,0,655,169,0,2
5074,5074,0,168,0,0,655,169,0,2
5075,5075,0,168,0,0,655,169,0,2
5076,5076,0,168,0,0,655,169,0,0
5077,5077,0,168,0,0,655,169,0,0
5078,5078,0,168,0,0,655,169,0,0
5079,5079,0,168,0,0,655,169,0,2
5080,5080,0,168,0,0,655,169,0,2
5081,5081,0,168,0,0,655,169,0,2
5082,5082,0,168,0,0,655,169,0,7
5083,5083,0,168,0,0,655,169,0,7
5084,5084,0,168,0,0,655,169,0,7
5085,5085,0,168,0,0,655,169,0,2
5086,5086,0,168,0,0,655,169,0,2
5087,5087,0,168,0,0,655,169,0,2
5088,5088,0,168,0,0,655,169,0,2
5089,5089,0,168,0,0,655,169,0,6
5090,5090,0,168,0,0,655,169,0,6
5091,5091,0,168,0,0,655,169,0,6
5092,5092,0,168,0,0,655,169,0,2
5093,5093,0,168,0,0,655,169,0,2
5094,5094,0,168,0,0,655,169,0,2
5095,5095,0,168,0,0,655,169,0,2
5096,5096,0,168,0,0,655,169,0,0
5097,5097,0,168,0,0,655,169,0,0
5098,5098,0,168,0,0,655,169,0,0
5099,5099,0,168,0,0,655,169,0,2
5100,5100,0,168,0,0,655,169,0,2
5101,5101,0,168,0,0,655,169,0,2
5102,5102,0,168,0,0,655,169,0,7
5103,5103,0,168,0,0,655,169,0,7
5104,5104,0,168,0,0,655,169,0,7
5105,5105,0,168,0,0,655,169,0,2
5106,5106,0,168,0,0,655,169,0,2
5107,5107,0,168,0,0,655,169,0,2
5108,5108,0,168,0,0,655,169,0,2
5109,5109,0,168,0,0,655,169,0,6
5110,5110,0,168,0,0,655,169,0,6
5111,5111,0,168,0,0,655,169,0,6
5112,5112,0,168,0,0,655,169,0,2
5113,5113,0,168,0,0,655,169,0,2
5114,5114,0,168,0,0,655,169,0,2
5115,5115,0,168,0,0,655,169,0,2
5116,5116,0,168,0,0,655,169,0,0
5117,5117,0,168,0,0,655,169,0,0
5118,5118,0,168,0,0,655,169,0,0
5119,5119,0,168,0,0,655,169,0,2
5120,5120,0,168,0,0,655,169,0,2
5121,5121,0,168,0,0,655,169,0,2
5122,5122,0,168,0,0,655,169,0,7
5123,5123,0,168,0,0,655,169,0,7
5124,5124,0,168,0,0,655,169,0,7
5125,5125,0,168,0,0,655,169,0,2
5126,5126,0,168,0,0,655,169,0,2
5127,5127,0,168,0,0,655,169,0,2
5128,5128,0,168,0,0,655,169,0,2
5129,5129,0,168,0,0,655,169,0,6
5130,5130,0,168,0,0,655,169,0,6
5131,5131,0,168,0,0,655,169,0,6
5132,5132,0,168,0,0,655,169,0,2
5133,5133,0,168,0,0,655,169,0,2
5134,5134,0,168,0,0,655,169,0,2
5135,5135,0,168,0,0,655,169,0,2
5136,5136,0,168,0,0,655,169,0,0
5137,5137,0,168,0,0,655,169,0,0
5138,5138,0,168,0,0,655,169,0,0
5139,5139,0,168,0,0,655,169,0,2
5140,5140,0,168,0,0,655,169,0,2
5141,5141,0,168,0,0,655,169,0,2
5142,5142,0,168,0,0,655,169,0,7
5143,5143,0,168,0,0,655,169,0,7
5144,5144,0,168,0,0,655,169,0,7
5145,5145,0,168,0,0,655,169,0,2
5146,5146,0,168,0,0,655,169,0,2
5147,5147,0,168,0,0,655,169,0,2
5148,5148,0,168,0,0,655,169,0,2
5149,5149,0,168,0,0,655,169,0,6
5150,5150,0,168,0,0,655,169,0,6
5151,5151,0,168,0,0,655,169,0,6
5152,5152,0,168,0,0,655,169,0,2
5153,5153,0,168,0,0,655,169,0,2
5154,5154,0,168,0,0,655,169,0,2
5155,5155,0,168,0,0,655,169,0,2
5156,5156,0,168,0,0,655,169,0,0
5157,5157,0,168,0,0,655,169,0,0
5158,5158,0,168,0,0,655,169,0,0
5159,5159,0,168,0,0,655,169,0,2
5160,5160,0,168,0,0,655,169,0,2
5161,5161,0,168,0,0,655,169,0,2
5162,5162,0,168,0,0,655,169,0,7
5163,5163,0,168,0,0,655,169,0,7
5164,5164,0,168,0,0,655,169,0,7
5165,5165,0,168,0,0,655,169,0,2
5166,5166,0,168,0,0,655,169,0,2
5167,5167,0,168,0,0,655,169,0,2
5168,5168,0,168,0,0,655,169,0,2
5169,5169,0,168,0,0,655,169,0,6
5170,5170,0,168,0,0,655,169,0,6
5171,5171,0,168,0,0,655,169,0,6
5172,5172,0,168,0,0,655,169,0,2
5173,5173,0,168,0,0,655,169,0,2
5174,5174,0,168,0,0,655,169,0,2
5175,5175,0,168,0,0,655,169,0,2
5176,5176,0,168,0,0,655,169,0,0
5177,5177,0,168,0,0,655,169,0,0
5178,5178,0,168,0,0,655,169,0,0
5179,5179,0,168,0,0,655,169,0,2
5180,5180,0,168,0,0,655,169,0,2
5181,5181,0,168,0,0,655,169,0,2
5182,5182,0,168,0,0,655,169,0,7
5183,5183,0,168,0,0,655,169,0,7
5184,5184,0,168,0,0,655,169,0,7
5185,5185,0,168,0,0,655,169,0,2
5186,5186,0,168,0,0,655,169,0,2
5187,5187,0,168,0,0,655,169,0,2
5188,5188,0,168,0,0,655,169,0,2
5189,5189,0,168,0,0,655,169,0,6
5190,5190,0,168,0,0,655,169,0,6
5191,5191,0,168,0,0,655,169,0,6
5192,5192,0,168,0,0,655,169,0,2
5193,5193,0,168,0,0,655,169,0,2
5194,5194,0,168,0,0,655,169,0,2
5195,5195,0,168,0,0,655,169,0,2
5196,5196,0,168,0,0,655,169,0,0
5197,5197,0,168,0,0,655,169,0,0
5198,5198,0,168,0,0,655,169,0,0
5199,5199,0,168,0,0,655,169,0,2
5200,5200,0,168,0,0,655,169,0,2
5201,5201,0,168,0,0,655,169,0,2
5202,5202,0,168,0,0,655,169,0,7
5203,5203,0,168,0,0,655,169,0,7
5204,5204,0,168,0,0,655,169,0,7
5205,5205,0,168,0,0,655,169,0,2
5206,5206,0,168,0,0,655,169,0,2
5207,5207,0,168,0,0,655,169,0,2
5208,5208,0,168,0,0,655,169,0,2
5209,5209,0,168,0,0,655,169,0,6
5210,5210,0,168,0,0,655,169,0,6
5211,5211,0,168,0,0,655,169,0,6
5212,5212,0,168,0,0,655,169,0,2
5213,5213,0,168,0,0,655,169,0,2
5214,5214,0,168,0,0,655,169,0,2
5215,5215,0,168,0,0,655,169,0,2
5216,5216,0,168,0,0,655,169,0,0
5217,5217,0,168,0,0,655,169,0,0
5218,5218,0,168,0,0,655,169,0,0
5219,5219,0,168,0,0,655,169,0,2
5220,5220,0,168,0,0,655,169,0,2
5221,5221,0,168,0,0,655,169,0,2
5222,5222,0,168,0,0,655,169,0,7
5223,5223,0,168,0,0,655,169,0,7
5224,5224,0,168,0,0,655,169,0,7
5225,5225,0,168,0,0,655,169,0,2
5226,5226,0,168,0,0,655,169,0,2
5227,5227,0,168,0,0,655,169,0,2
5228,5228,0,168,0,0,655,169,0,2
5229,5229,0,168,0,0,655,169,0,6
5230,5230,0,168,0,0,655,169,0,6
5231,5231,0,168,0,0,655,169,0,6
5232,5232,0,168,0,0,655,169,0,2
5233,5233,0,168,0,0,655,169,0,2
5234,5234,0,168,0,0,655,169,0,2
5235,5235,0,168,0,0,655,169,0,2
5236,5236,0,168,0,0,655,169,0,0
5237,5237,0,168,0,0,655,169,0,0
5238,5238,0,168,0,0,655,169,0,0
5239,5239,0,168,0,0,655,169,0,2
5240,5240,0,168,0,0,655,169,0,2
5241,5241,0,168,0,0,655,169,0,2
5242,5242,0,168,0,0,655,169,0,7
5243,5243,0,168,0,0,655,169,0,7
5244,5244,0,168,0,0,655,169,0,7
5245,5245,0,168,0,0,655,169,0,2
5246,5246,0,168,0,0,655,169,0,2
5247,5247,0,168,0,0,655,169,0,2
5248,5248,0,168,0,0,655,169,0,2
5249,5249,0,168,0,0,655,169,0,6
5250,5250,0,168,0,0,655,169,0,6
5251,5251,0,168,0,0,655,169,0,6
5252,5252,0,168,0,0,655,169,0,2
5253,5253,0,168,0,0,655,169,0,2
5254,5254,0,168,0,0,655,169,0,2
5255,5255,0,168,0,0,655,169,0,2
5256,5256,0,168,0,0,655,169,0,0
5257,5257,0,168,0,0,655,169,0,0
5258,5258,0,168,0,0,655,169,0,0
5259,5259,0,168,0,0,655,169,0,2
5260,5260,0,168,0,0,655,169,0,2
5261,5261,0,168,0,0,655,169,0,2
5262,5262,0,168,0,0,655,169,0,7
5263,5263,0,168,0,0,655,169,0,7
5264,5264,0,168,0,0,655,169,0,7
5265,5265,0,168,0,0,655,169,0,2
5266,5266,0,168,0,0,655,169,0,2
5267,5267,0,168,0,0,655,169,0,2
5268,5268,0,168,0,0,655,169,0,2
5269,5269,0,168,0,0,655,169,0,6
5270,5270,0,168,0,0,655,169,0,6
5271,5271,0,168,0,0,655,169,0,6
5272,5272,0,168,0,0,655,169,0,2
5273,5273,0,168,0,0,655,169,0,2
5274,5274,0,168,0,0,655,169,0,2
5275,5275,0,168,0,0,655,169,0,2
5276,5276,0,168,0,0,655,169,0,0
5277,5277,0,168,0,0,655,169,0,0
5278,5278,0,168,0,0,655,169,0,0
5279,5279,0,168,0,0,655,169,0,2
5280,5280,0,168,0,0,655,169,0,2
5281,5281,0,168,0,0,655,169,0,2
5282,5282,0,168,0,0,655,169,0,7
5283,5283,0,168,0,0,655,169,0,7
5284,5284,0,168,0,0,655,169,0,7
5285,5285,0,168,0,0,655,169,0,2
5286,5286,0,168,0,0,655,169,0,2
5287,5287,0,168,0,0,655,169,0,2
5288,5288,0,168,0,0,655,169,0,2
5289,5289,0,168,0,0,655,169,0,6
5290,5290,0,168,0,0,655,169,0,6
5291,5291,0,168,0,0,655,169,0,6
5292,5292,0,168,0,0,655,169,0,2
5293,5293,0,168,0,0,655,169,0,2
5294,5294,0,168,0,0,655,169,0,2
5295,5295,0,168,0,0,655,169,0,2
5296,5296,0,168,0,0,655,169,0,0
5297,5297,0,168,0,0,655,169,0,0
5298,5298,0,168,0,0,655,169,0,0
5299,5299,0,168,0,0,655,169,0,2
5300,5300,0,168,0,0,655,169,0,2
5301,5301,0,168,0,0,655,169,0,2
5302,5302,0,168,0,0,655,169,0,7
5303,5303,0,168,0,0,655,169,0,7
5304,5304,0,168,0,0,655,169,0,7
5305,5305,0,168,0,0,655,169,0,2
5306,5306,0,168,0,0,655,169,0,2
5307,5307,0,168,0,0,655,169,0,2
5308,5308,0,168,0,0,655,169,0,2
5309,5309,0,168,0,0,655,169,0,6
5310,5310,0,168,0,0,655,169,0,6
5311,5311,0,168,0,0,655,169,0,6
5312,5312,0,168,0,0,655,169,0,2
5313,5313,0,168,0,0,655,169,0,2
5314,5314,0,168,0,0,655,169,0,2
5315,5315,0,168,0,0,655,169,0,2
5316,5316,0,168,0,0,655,169,0,0
5317,5317,0,168,0,0,655,169,0,0
5318,5318,0,168,0,0,655,169,0,0
5319,5319,0,168,0,0,655,169,0,2
5320,5320,0,168,0,0,655,169,0,2
5321,5321,0,168,0,0,655,169,0,2
5322,5322,0,168,0,0,655,169,0,7
5323,5323,0,168,0,0,655,169,0,7
5324,5324,0,168,0,0,655,169,0,7
5325,5325,0,168,0,0,655,169,0,2
5326,5326,0,168,0,0,655,169,0,2
5327,5327,0,168,0,0,655,169,0,2
5328,5328,0,168,0,0,655,169,0,2
5329,5329,0,168,0,0,655,169,0,6
5330,5330,0,168,0,0,655,169,0,6
5331,5331,0,168,0,0,655,169,0,6
5332,5332,0,168,0,0,655,169,0,2
5333,5333,0,168,0,0,655,169,0,2
5334,5334,0,168,0,0,655,169,0,2
5335,5335,0,168,0,0,655,169,0,2
5336,5336,0,168,0,0,655,169,0,0
5337,5337,0,168,0,0,655,169,0,0
5338,5338,0,168,0,0,655,169,0,0
5339,5339,0,168,0,0,655,169,0,2
5340,5340,0,168,0,0,655,169,0,2
5341,5341,0,168,0,0,655,169,0,2
5342,5342,0,168,0,0,655,169,0,7
5343,5343,0,168,0,0,655,169,0,7
5344,5344,0,168,0,0,655,169,0,7
5345,5345,0,168,0,0,655,169,0,2
5346,5346,0,168,0,0,655,169,0,2
5347,5347,0,168,0,0,655,169,0,2
5348,5348,0,168,0,0,655,169,0,2
5349,5349,0,168,0,0,655,169,0,6
5350,5350,0,168,0,0,655,169,0,6
5351,5351,0,168,0,0,655,169,0,6
5352,5352,0,168,0,0,655,169,0,2
5353,5353,0,168,0,0,655,169,0,2
5354,5354,0,168,0,0,655,169,0,2
5355,5355,0,168,0,0,655,169,0,2
5356,5356,0,168,0,0,655,169,0,0
5357,5357,0,168,0,0,655,169,0,0
5358,5358,0,168,0,0,655,169,0,0
5359,5359,0,168,0,0,655,169,0,2
5360,5360,0,168,0,0,655,169,0,2
5361,5361,0,168,0,0,655,169,0,2
5362,5362,0,168,0,0,655,169,0,7
5363,5363,0,168,0,0,655,169,0,7
5364,5364,0,168,0,0,655,169,0,7
5365,5365,0,168,0,0,655,169,0,2
5366,5366,0,168,0,0,655,169,0,2
5367,5367,0,168,0,0,655,169,0,2
5368,5368,0,168,0,0,655,169,0,2
5369,5369,0,168,0,0,655,169,0,6
5370,5370,0,168,0,0,655,169,0,6
5371,5371,0,168,0,0,655,169,0,6
5372,5372,0,168,0,0,655,169,0,2
5373,5373,0,168,0,0,655,169,0,2
5374,5374,0,168,0,0,655,169,0,2
5375,5375,0,168,0,0,655,169,0,2
5376,5376,0,168,0,0,655,169,0,0
5377,5377,0,168,0,0,655,169,0,0
5378,5378,0,168,0,0,655,169,0,0
5379,5379,0,168,0,0,655,169,0,2
5380,5380,0,168,0,0,655,169,0,2
5381,5381,0,168,0,0,655,169,0,2
5382,5382,0,168,0,0,655,169,0,7
5383,5383,0,168,0,0,655,169,0,7
5384,5384,0,168,0,0,655,169,0,7
5385,5385,0,168,0,0,655,169,0,2
5386,5386,0,168,0,0,655,169,0,2
5387,5387,0,168,0,0,655,169,0,2
5388,5388,0,168,0,0,655,169,0,2
5389,5389,0,168,0,0,655,169,0,6
5390,5390,0,168,0,0,655,169,0,6
5391,5391,0,168,0,0,655,169,0,6
5392,5392,0,168,0,0,655,169,0,2
5393,5393,0,168,0,0,655,169,0,2
5394,5394,0,168,0,0,655,169,0,2
5395,5395,0,168,0,0,655,169,0,2
5396,5396,0,168,0,0,655,169,0,0
5397,5397,0,168,0,0,655,169,0,0
5398,5398,0,168,0,0,655,169,0,0
5399,5399,0,168,0,0,655,169,0,2
5400,5400,0,168,0,0,655,169,0,2
5401,5401,0,168,0,0,655,169,0,2
5402,5402,0,168,0,0,655,169,0,7
5403,5403,0,168,0,0,655,169,0,7
5404,5404,0,168,0,0,655,169,0,7
5405,5405,0,168,0,0,655,169,0,2
5406,5406,0,168,0,0,655,169,0,2
5407,5407,0,168,0,0,655,169,0,2
5408,5408,0,168,0,0,655,169,0,2
5409,5409,0,168,0,0,655,169,0,6
5410,5410,0,168,0,0,655,169,0,6
5411,5411,0,168,0,0,655,169,0,6
5412,5412,0,168,0,0,655,169,0,2
5413,5413,0,168,0,0,655,169,0,2
5414,5414,0,168,0,0,655,169,0,2
5415,5415,0,168,0,0,655,169,0,2
5416,5416,0,168,0,0,655,169,0,0
5417,5417,0,168,0,0,655,169,0,0
5418,5418,0,168,0,0,655,169,0,0
5419,5419,0,168,0,0,655,169,0,2
5420,5420,0,168,0,0,655,169,0,2
5421,5421,0,168,0,0,655,169,0,2
5422,5422,0,168,0,0,655,169,0,7
5423,5423,0,168,0,0,655,169,0,7
5424,5424,0,168,0,0,655,169,0,7
5425,5425,0,168,0,0,655,169,0,2
5426,5426,0,168,0,0,655,169,0,2
5427,5427,0,168,0,0,655,169,0,2
5428,5428,0,168,0,0,655,169,0,2
5429,5429,0,168,0,0,655,169,0,6
5430,5430,0,168,0,0,655,169,0,6
5431,5431,0,168,0,0,655,169,0,6
5432,5432,0,168,0,0,655,169,0,2
5433,5433,0,168,0,0,655,169,0,2
5434,5434,0,168,0,0,655,169,0,2
5435,5435,0,168,0,0,655,169,0,2
5436,5436,0,168,0,0,655,169,0,0
5437,5437,0,168,0,0,655,169,0,0
5438,5438,0,168,0,0,655,169,0,0
5439,5439,0,168,0,0,655,169,0,2
5440,5440,0,168,0,0,655,169,0,2
5441,5441,0,168,0,0,655,169,0,2
5442,5442,0,168,0,0,655,169,0,7
5443,5443,0,168,0,0,655,169,0,7
5444,5444,0,168,0,0,655,169,0,7
5445,5445,0,168,0,0,655,169,0,2
5446,5446,0,168,0,0,655,169,0,2
5447,5447,0,168,0,0,655,169,0,2
5448,5448,0,168,0,0,655,169,0,2
5449,5449,0,168,0,0,655,169,0,6
5450,5450,0,168,0,0,655,169,0,6
5451,5451,0,168,0,0,655,169,0,6
5452,5452,0,168,0,0,655,169,0,2
5453,5453,0,168,0,0,655,169,0,2
5454,5454,0,168,0,0,655,169,0,2
5455,5455,0,168,0,0,655,169,0,2
5456,5456,0,168,0,0,655,169,0,0
5457,5457,0,168,0,0,655,169,0,0
5458,5458,0,168,0,0,655,169,0,0
5459,5459,0,168,0,0,655,169,0,2
5460,5460,0,168,0,0,655,169,0,2
5461,5461,0,168,0,0,655,169,0,2
5462,5462,0,168,0,0,655,169,0,7
5463,5463,0,168,0,0,655,169,0,7
5464,5464,0,168,0,0,655,169,0,7
5465,5465,0,168,0,0,655,169,0,2
5466,5466,0,168,0,0,655,169,0,2
5467,5467,0,168,0,0,655,169,0,2
5468,5468,0,168,0,0,655,169,0,2
5469,5469,0,168,0,0,655,169,0,6
5470,5470,0,168,0,0,655,169,0,6
5471,5471,0,168,0,0,655,169,0,6
5472,5472,0,168,0,0,655,169,0,2
5473,5473,0,168,0,0,655,169,0,2
5474,5474,0,168,0,0,655,169,0,2
5475,5475,0,168,0,0,655,169,0,2
5476,5476,0,168,0,0,655,169,0,0
5477,5477,0,168,0,0,655,169,0,0
5478,5478,0,168,0,0,655,169,0,0
5479,5479,0,168,0,0,655,169,0,2
5480,5480,0,168,0,0,655,169,0,2
5481,5481,0,168,0,0,655,169,0,2
5482,5482,0,168,0,0,655,169,0,7
5483,5483,0,168,0,0,655,169,0,7
5484,5484,0,168,0,0,655,169,0,7
5485,5485,0,168,0,0,655,169,0,2
5486,5486,0,168,0,0,655,169,0,2
5487,5487,0,168,0,0,655,169,0,2
5488,5488,0,168,0,0,655,169,0,2
5489,5489,0,168,0,0,655,169,0,6
5490,5490,0,168,0,0,655,169,0,6
5491,5491,0,168,0,0,655,169,0,6
5492,5492,0,168,0,0,655,169,0,2
5493,5493,0,168,0,0,655,169,0,2
5494,5494,0,168,0,0,655,169,0,2
5495,5495,0,168,0,0,655,169,0,2
5496,5496,0,168,0,0,655,169,0,0
5497,5497,0,168,0,0,655,169,0,0
5498,5498,0,168,0,0,655,169,0,0
5499,5499,0,168,0,0,655,169,0,2
5500,5500,0,168,0,0,655,169,0,2
5501,5501,0,168,0,0,655,169,0,2
5502,5502,0,168,0,0,655,169,0,7
5503,5503,0,168,0,0,655,169,0,7
5504,5504,0,168,0,0,655,169,0,7
5505,5505,0,168,0,0,655,169,0,2
5506,5506,0,168,0,0,655,169,0,2
5507,5507,0,168,0,0,655,169,0,2
5508,5508,0,168,0,0,655,169,0,2
5509,5509,0,168,0,0,655,169,0,6
5510,5510,0,168,0,0,655,169,0,6
5511,5511,0,168,0,0,655,169,0,6
5512,5512,0,168,0,0,655,169,0,2
5513,5513,0,168,0,0,655,169,0,2
5514,5514,0,168,0,0,655,169,0,2
5515,5515,0,168,0,0,655,169,0,2
5516,5516,0,168,0,0,655,169,0,0
5517,5517,0,168,0,0,655,169,0,0
5518,5518,0,168,0,0,655,169,0,0
5519,5519,0,168,0,0,655,169,0,2
5520,5520,0,168,0,0,655,169,0,2
5521,5521,0,168,0,0,655,169,0,2
5522,5522,0,168,0,0,655,169,0,7
5523,5523,0,168,0,0,655,169,0,7
5524,5524,0,168,0,0,655,169,0,7
5525,5525,0,168,0,0,655,169,0,2
5526,5526,0,168,0,0,655,169,0,2
5527,5527,0,168,0,0,655,169,0,2
5528,5528,0,168,0,0,655,169,0,2
5529,5529,0,168,0,0,655,169,0,6
5530,5530,0,168,0,0,655,169,0,6
5531,5531,0,168,0,0,655,169,0,6
5532,5532,0,168,0,0,655,169,0,2
5533,5533,0,168,0,0,655,169,0,2
5534,5534,0,168,0,0,655,169,0,2
5535,5535,0,168,0,0,655,169,0,2
5536,5536,0,168,0,0,655,169,0,0
5537,5537,0,168,0,0,655,169,0,0
5538,5538,0,168,0,0,655,169,0,0
5539,5539,0,168,0,0,655,169,0,2
5540,5540,0,168,0,0,655,169,0,2
5541,5541,0,168,0,0,655,169,0,2
5542,5542,0,168,0,0,655,169,0,7
5543,5543,0,168,0,0,655,169,0,7
5544,5544,0,168,0,0,655,169,0,7
5545,5545,0,168,0,0,655,169,0,2
5546,5546,0,168,0,0,655,169,0,2
5547,5547,0,168,0,0,655,169,0,2
5548,5548,0,168,0,0,655,169,0,2
5549,5549,0,168,0,0,655,169,0,6
5550,5550,0,168,0,0,655,169,0,6
5551,5551,0,168,0,0,655,169,0,6
5552,5552,0,168,0,0,655,169,0,2
5553,5553,0,168,0,0,655,169,0,2
5554,5554,0,168,0,0,655,169,0,2
5555,5555,0,168,0,0,655,169,0,2
5556,5556,0,168,0,0,655,169,0,0
5557,5557,0,168,0,0,655,169,0,0
5558,5558,0,168,0,0,655,169,0,0
5559,5559,0,168,0,0,655,169,0,2
5560,5560,0,168,0,0,655,169,0,2
5561,5561,0,168,0,0,655,169,0,2
5562,5562,0,168,0,0,655,169,0,7
5563,5563,0,168,0,0,655,169,0,7
5564,5564,0,168,0,0,655,169,0,7
5565,5565,0,168,0,0,655,169,0,2
5566,5566,0,168,0,0,655,169,0,2
5567,5567,0,168,0,0,655,169,0,2
5568,5568,0,168,0,0,655,169,0,2
5569,5569,0,168,0,0,655,169,0,6
5570,5570,0,168,0,0,655,169,0,6
5571,5571,0,168,0,0,655,169,0,6
5572,5572,0,168,0,0,655,169,0,2
5573,5573,0,168,0,0,655,169,0,2
5574,5574,0,168,0,0,655,169,0,2
5575,5575,0,168,0,0,655,169,0,2
5576,5576,0,168,0,0,655,169,0,0
5577,5577,0,168,0,0,655,169,0,0
5578,5578,0,168,0,0,655,169,0,0
5579,5579,0,168,0,0,655,169,0,2
5580,5580,0,168,0,0,655,169,0,2
5581,5581,0,168,0,0,655,169,0,2
5582,5582,0,168,0,0,655,169,0,7
5583,5583,0,168,0,0,655,169,0,7
5584,5584,0,168,0,0,655,169,0,7
5585,5585,0,168,0,0,655,169,0,2
5586,5586,0,168,0,0,655,169,0,2
5587,5587,0,168,0,0,655,169,0,2
5588,5588,0,168,0,0,655,169,0,2
5589,5589,0,168,0,0,655,169,0,6
5590,5590,0,168,0,0,655,169,0,6
5591,5591,0,168,0,0,655,169,0,6
5592,5592,0,168,0,0,655,169,0,2
5593,5593,0,168,0,0,655,169,0,2
5594,5594,0,168,0,0,655,169,0,2
5595,5595,0,168,0,0,655,169,0,2
5596,5596,0,168,0,0,655,169,0,0
5597,5597,0,168,0,0,655,169,0,0
5598,5598,0,168,0,0,655,169,0,0
5599,5599,0,168,0,0,655,169,0,2
5600,5600,0,168,0,0,655,169,0,2
5601,5601,0,168,0,0,655,169,0,2
5602,5602,0,168,0,0,655,169,0,7
5603,5603,0,168,0,0,655,169,0,7
5604,5604,0,168,0,0,655,169,0,7
5605,5605,0,168,0,0,655,169,0,2
5606,5606,0,168,0,0,655,169,0,2
5607,5607,0,168,0,0,655,169,0,2
5608,5608,0,168,0,0,655,169,0,2
5609,5609,0,168,0,0,655,169,0,6
5610,5610,0,168,0,0,655,169,0,6
5611,5611,0,168,0,0,655,169,0,6
5612,5612,0,168,0,0,655,169,0,2
5613,5613,0,168,0,0,655,169,0,2
5614,5614,0,168,0,0,655,169,0,2
5615,5615,0,168,0,0,655,169,0,2
5616,5616,0,168,0,0,655,169,0,0
5617,5617,0,168,0,0,655,169,0,0
5618,5618,0,168,0,0,655,169,0,0
5619,5619,0,168,0,0,655,169,0,2
5620,5620,0,168,0,0,655,169,0,2
5621,5621,0,168,0,0,655,169,0,2
5622,5622,0,168,0,0,655,169,0,7
5623,5623,0,168,0,0,655,169,0,7
5624,5624,0,168,0,0,655,169,0,7
5625,5625,0,168,0,0,655,169,0,2
5626,5626,0,168,0,0,655,169,0,2
5627,5627,0,168,0,0,655,169,0,2
5628,5628,0,168,0,0,655,169,0,2
5629,5629,0,168,0,0,655,169,0,6
5630,5630,0,168,0,0,655,169,0,6
5631,5631,0,168,0,0,655,169,0,6
5632,5632,0,168,0,0,655,169,0,2
5633,5633,0,168,0,0,655,169,0,2
5634,5634,0,168,0,0,655,169,0,2
5635,5635,0,168,0,0,655,169,0,2
5636,5636,0,168,0,0,655,169,0,0
5637,5637,0,168,0,0,655,169,0,0
5638,5638,0,168,0,0,655,169,0,0
5639,5639,0,168,0,0,655,169,0,2
5640,5640,0,168,0,0,655,169,0,2
5641,5641,0,168,0,0,655,169,0,2
5642,5642,0,168,0,0,655,169,0,7
5643,5643,0,168,0,0,655,169,0,7
5644,5644,0,168,0,0,655,169,0,7
5645,5645,0,168,0,0,655,169,0,2
5646,5646,0,168,0,0,655,169,0,2
5647,5647,0,168,0,0,655,169,0,2
5648,5648,0,168,0,0,655,169,0,2
5649,5649,0,168,0,0,655,169,0,6
5650,5650,0,168,0,0,655,169,0,6
5651,5651,0,168,0,0,655,169,0,6
5652,5652,0,168,0,0,655,169,0,2
5653,5653,0,168,0,0,655,169,0,2
5654,5654,0,168,0,0,655,169,0,2
5655,5655,0,168,0,0,655,169,0,2
5656,5656,0,168,0,0,655,169,0,0
5657,5657,0,168,0,0,655,169,0,0
5658,5658,0,168,0,0,655,169,0,0
5659,5659,0,168,0,0,655,169,0,2
5660,5660,0,168,0,0,655,169,0,2
5661,5661,0,168,0,0,655,169,0,2
5662,5662,0,168,0,0,655,169,0,7
5663,5663,0,168,0,0,655,169,0,7
5664,5664,0,168,0,0,655,169,0,7
5665,5665,0,168,0,0,655,169,0,2
5666,5666,0,168,0,0,655,169,0,2
5667,5667,0,168,0,0,655,169,0,2
5668,5668,0,168,0,0,655,169,0,2
5669,5669,0,168,0,0,655,169,0,6
5670,5670,0,168,0,0,655,169,0,6
5671,5671,0,168,0,0,655,169,0,6
5672,5672,0,168,0,0,655,169,0,2
5673,5673,0,168,0,0,655,169,0,2
5674,5674,0,168,0,0,655,169,0,2
5675,5675,0,168,0,0,655,169,0,2
5676,5676,0,168,0,0,655,169,0,0
5677,5677,0,168,0,0,655,169,0,0
5678,5678,0,168,0,0,655,169,0,0
5679,5679,0,168,0,0,655,169,0,2
5680,5680,0,168,0,0,655,169,0,2
5681,5681,0,168,0,0,655,169,0,2
5682,5682,0,168,0,0,655,169,0,7
5683,5683,0,168,0,0,655,169,0,7
5684,5684,0,168,0,0,655,169,0,7
5685,5685,0,168,0,0,655,169,0,2
5686,5686,0,168,0,0,655,169,0,2
5687,5687,0,168,0,0,655,169,0,2
5688,5688,0,168,0,0,655,169,0,2
5689,5689,0,168,0,0,655,169,0,6
5690,5690,0,168,0,0,655,169,0,6
5691,5691,0,168,0,0,655,169,0,6
5692,5692,0,168,0,0,655,169,0,2
5693,5693,0,168,0,0,655,169,0,2
5694,5694,0,168,0,0,655,169,0,2
5695,5695,0,168,0,0,655,169,0,2
5696,5696,0,168,0,0,655,169,0,0
5697,5697,0,168,0,0,655,169,0,0
5698,5698,0,168,0,0,655,169,0,0
5699,5699,0,168,0,0,655,169,0,2
5700,5700,0,168,0,0,655,169,0,2
5701,5701,0,168,0,0,655,169,0,2
5702,5702,0,168,0,0,655,169,0,7
5703,5703,0,168,0,0,655,169,0,7
5704,5704,0,168,0,0,655,169,0,7
5705,5705,0,168,0,0,655,169,0,2
5706,5706,0,168,0,0,655,169,0,2
5707,5707,0,168,0,0,655,169,0,2
5708,5708,0,168,0,0,655,169,0,2
5709,5709,0,168,0,0,655,169,0,6
5710,5710,0,168,0,0,655,169,0,6
5711,5711,0,168,0,0,655,169,0,6
5712,5712,0,168,0,0,655,169,0,2
5713,5713,0,168,0,0,655,169,0,2
5714,5714,0,168,0,0,655,169,0,2
5715,5715,0,168,0,0,655,169,0,2
5716,5716,0,168,0,0,655,169,0,0
5717,5717,0,168,0,0,655,169,0,0
5718,5718,0,168,0,0,655,169,0,0
5719,5719,0,168,0,0,655,169,0,2
5720,5720,0,168,0,0,655,169,0,2
5721,5721,0,168,0,0,655,169,0,2
5722,5722,0,168,0,0,655,169,0,7
5723,5723,0,168,0,0,655,169,0,7
5724,5724,0,168,0,0,655,169,0,7
5725,5725,0,168,0,0,655,169,0,2
5726,5726,0,168,0,0,655,169,0,2
5727,5727,0,168,0,0,655,169,0,2
5728,5728,0,168,0,0,655,169,0,2
5729,5729,0,168,0,0,655,169,0,6
5730,5730,0,168,0,0,655,169,0,6
5731,5731,0,168,0,0,655,169,0,6
5732,5732,0,168,0,0,655,169,0,2
5733,5733,0,168,0,0,655,169,0,2
5734,5734,0,168,0,0,655,169,0,2
5735,5735,0,168,0,0,655,169,0,2
5736,5736,0,168,0,0,655,169,0,0
5737,5737,0,168,0,0,655,169,0,0
5738,5738,0,168,0,0,655,169,0,0
5739,5739,0,168,0,0,655,169,0,2
5740,5740,0,168,0,0,655,169,0,2
5741,5741,0,168,0,0,655,169,0,2
5742,5742,0,168,0,0,655,169,0,7
5743,5743,0,168,0,0,655,169,0,7
5744,5744,0,168,0,0,655,169,0,7
5745,5745,0,168,0,0,655,169,0,2
5746,5746,0,168,0,0,655,169,0,2
5747,5747,0,168,0,0,655,169,0,2
5748,5748,0,168,0,0,655,169,0,2
5749,5749,0,168,0,0,655,169,0,6
5750,5750,0,168,0,0,655,169,0,6
5751,5751,0,168,0,0,655,169,0,6
5752,5752,0,168,0,0,655,169,0,2
5753,5753,0,168,0,0,655,169,0,2
5754,5754,0,168,0,0,655,169,0,2
5755,5755,0,168,0,0,655,169,0,2
5756,5756,0,168,0,0,655,169,0,0
5757,5757,0,168,0,0,655,169,0,0
5758,5758,0,168,0,0,655,169,0,0
5759,5759,0,168,0,0,655,169,0,2
5760,5760,0,168,0,0,655,169,0,2
5761,5761,0,168,0,0,655,169,0,2
5762,5762,0,168,0,0,655,169,0,7
5763,5763,0,168,0,0,655,169,0,7
5764,5764,0,168,0,0,655,169,0,7
5765,5765,0,168,0,0,655,169,0,2
5766,5766,0,168,0,0,655,169,0,2
5767,5767,0,168,0,0,655,169,0,2
5768,5768,0,168,0,0,655,169,0,2
5769,5769,0,168,0,0,655,169,0,6
5770,5770,0,168,0,0,655,169,0,6
5771,5771,0,168,0,0,655,169,0,6
5772,5772,0,168,0,0,655,169,0,2
5773,5773,0,168,0,0,655,169,0,2
5774,5774,0,168,0,0,655,169,0,2
5775,5775,0,168,0,0,655,169,0,2
5776,5776,0,168,0,0,655,169,0,0
5777,5777,0,168,0,0,655,169,0,0
5778,5778,0,168,0,0,655,169,0,0
5779,5779,0,168,0,0,655,169,0,2
5780,5780,0,168,0,0,655,169,0,2
5781,5781,0,168,0,0,655,169,0,2
5782,5782,0,168,0,0,655,169,0,7
5783,5783,0,168,0,0,655,169,0,7
5784,5784,0,168,0,0,655,169,0,7
5785,5785,0,168,0,0,655,169,0,2
5786,5786,0,168,0,0,655,169,0,2
5787,5787,0,168,0,0,655,169,0,2
5788,5788,0,168,0,0,655,169,0,2
5789,5789,0,168,0,0,655,169,0,6
5790,5790,0,168,0,0,655,169,0,6
5791,5791,0,168,0,0,655,169,0,6
5792,5792,0,168,0,0,655,169,0,2
5793,5793,0,168,0,0,655,169,0,2
5794,5794,0,168,0,0,655,169,0,2
5795,5795,0,168,0,0,655,169,0,2
5796,5796,0,168,0,0,655,169,0,0
5797,5797,0,168,0,0,655,169,0,0
5798,5798,0,168,0,0,655,169,0,0
5799,5799,0,168,0,0,655,169,0,2
5800,5800,0,168,0,0,655,169,0,2
5801,5801,0,168,0,0,655,169,0,2
5802,5802,0,168,0,0,655,169,0,7
5803,5803,0,168,0,0,655,169,0,7
5804,5804,0,168,0,0,655,169,0,7
5805,5805,0,168,0,0,655,169,0,2
5806,5806,0,168,0,0,655,169,0,2
5807,5807,0,168,0,0,655,169,0,2
5808,5808,0,168,0,0,655,169,0,2
5809,5809,0,168,0,0,655,169,0,6
5810,5810,0,168,0,0,655,169,0,6
5811,5811,0,168,0,0,655,169,0,6
5812,5812,0,168,0,0,655,169,0,2
5813,5813,0,168,0,0,655,169,0,2
5814,5814,0,168,0,0,655,169,0,2
5815,5815,0,168,0,0,655,169,0,2
5816,5816,0,168,0,0,655,169,0,0
5817,5817,0,168,0,0,655,169,0,0
5818,5818,0,168,0,0,655,169,0,0
5819,5819,0,168,0,0,655,169,0,2
5820,5820,0,168,0,0,655,169,0,2
5821,5821,0,168,0,0,655,169,0,2
5822,5822,0,168,0,0,655,169,0,7
5823,5823,0,168,0,0,655,169,0,7
5824,5824,0,168,0,0,655,169,0,7
5825,5825,0,168,0,0,655,169,0,2
5826,5826,0,168,0,0,655,169,0,2
5827,5827,0,168,0,0,655,169,0,2
5828,5828,0,168,0,0,655,169,0,2
5829,5829,0,168,0,0,655,169,0,6
5830,5830,0,168,0,0,655,169,0,6
5831,5831,0,168,0,0,655,169,0,6
5832,5832,0,168,0,0,655,169,0,2
5833,5833,0,168,0,0,655,169,0,2
5834,5834,0,168,0,0,655,169,0,2
5835,5835,0,168,0,0,655,169,0,2
5836,5836,0,168,0,0,655,169,0,0
5837,5837,0,168,0,0,655,169,0,0
5838,5838,0,168,0,0,655,169,0,0
5839,5839,0,168,0,0,655,169,0,2
5840,5840,0,168,0,0,655,169,0,2
5841,5841,0,168,0,0,655,169,0,2
5842,5842,0,168,0,0,655,169,0,7
5843,5843,0,168,0,0,655,169,0,7
5844,5844,0,168,0,0,655,169,0,7
5845,5845,0,168,0,0,655,169,0,2
5846,5846,0,168,0,0,655,169,0,2
5847,5847,0,168,0,0,655,169,0,2
5848,5848,0,168,0,0,655,169,0,2
5849,5849,0,168,0,0,655,169,0,6
5850,5850,0,168,0,0,655,169,0,6
5851,5851,0,168,0,0,655,169,0,6
5852,5852,0,168,0,0,655,169,0,2
5853,5853,0,168,0,0,655,169,0,2
5854,5854,0,168,0,0,655,169,0,2
5855,5855,0,168,0,0,655,169,0,2
5856,5856,0,168,0,0,655,169,0,0
5857,5857,0,168,0,0,655,169,0,0
5858,5858,0,168,0,0,655,169,0,0
5859,5859,0,168,0,0,655,169,0,2
5860,5860,0,168,0,0,655,169,0,2
5861,5861,0,168,0,0,655,169,0,2
5862,5862,0,168,0,0,655,169,0,7
5863,5863,0,168,0,0,655,169,0,7
5864,5864,0,168,0,0,655,169,0,7
5865,5865,0,168,0,0,655,169,0,2
5866,5866,0,168,0,0,655,169,0,2
5867,5867,0,168,0,0,655,169,0,2
5868,5868,0,168,0,0,655,169,0,2
5869,5869,0,168,0,0,655,169,0,6
5870,5870,0,168,0,0,655,169,0,6
5871,5871,0,168,0,0,655,169,0,6
5872,5872,0,168,0,0,655,169,0,2
5873,5873,0,168,0,0,655,169,0,2
5874,5874,0,168,0,0,655,169,0,2
5875,5875,0,168,0,0,655,169,0,2
5876,5876,0,168,0,0,655,169,0,0
5877,5877,0,168,0,0,655,169,0,0
5878,5878,0,168,0,0,655,169,0,0
5879,5879,0,168,0,0,655,169,0,2
5880,5880,0,168,0,0,655,169,0,2
5881,5881,0,168,0,0,655,169,0,2
5882,5882,0,168,0,0,655,169,0,7
5883,5883,0,168,0,0,655,169,0,7
5884,5884,0,168,0,0,655,169,0,7
5885,5885,0,168,0,0,655,169,0,2
5886,5886,0,168,0,0,655,169,0,2
5887,5887,0,168,0,0,655,169,0,2
5888,5888,0,168,0,0,655,169,0,2
5889,5889,0,168,0,0,655,169,0,6
5890,5890,0,168,0,0,655,169,0,6
5891,5891,0,168,0,0,655,169,0,6
5892,5892,0,168,0,0,655,169,0,2
5893,5893,0,168,0,0,655,169,0,2
5894,5894,0,168,0,0,655,169,0,2
5895,5895,0,168,0,0,655,169,0,2
5896,5896,0,168,0,0,655,169,0,0
5897,5897,0,168,0,0,655,169,0,0
5898,5898,0,168,0,0,655,169,0,0
5899,5899,0,168,0,0,655,169,0,2
5900,5900,0,168,0,0,655,169,0,2
5901,5901,0,168,0,0,655,169,0,2
5902,5902,0,168,0,0,655,169,0,7
5903,5903,0,168,0,0,655,169,0,7
5904,5904,0,168,0,0,655,169,0,7
5905,5905,0,168,0,0,655,169,0,2
5906,5906,0,168,0,0,655,169,0,2
5907,5907,0,168,0,0,655,169,0,2
5908,5908,0,168,0,0,655,169,0,2
5909,5909,0,168,0,0,655,169,0,6
5910,5910,0,168,0,0,655,169,0,6
5911,5911,0,168,0,0,655,169,0,6
5912,5912,0,168,0,0,655,169,0,2
5913,5913,0,168,0,0,655,169,0,2
5914,5914,0,168,0,0,655,169,0,2
5915,5915,0,168,0,0,655,169,0,2
5916,5916,0,168,0,0,655,169,0,0
5917,5917,0,168,0,0,655,169,0,0
5918,5918,0,168,0,0,655,169,0,0
5919,5919,0,168,0,0,655,169,0,2
5920,5920,0,168,0,0,655,169,0,2
5921,5921,0,168,0,0,655,169,0,2
5922,5922,0,168,0,0,655,169,0,7
5923,5923,0,168,0,0,655,169,0,7
5924,5924,0,168,0,0,655,169,0,7
5925,5925,0,168,0,0,655,169,0,2
5926,5926,0,168,0,0,655,169,0,2
5927,5927,0,168,0,0,655,169,0,2
5928,5928,0,168,0,0,655,169,0,2
5929,5929,0,168,0,0,655,169,0,6
5930,5930,0,168,0,0,655,169,0,6
5931,5931,0,168,0,0,655,169,0,6
5932,5932,0,168,0,0,655,169,0,2
5933,5933,0,168,0,0,655,169,0,2
5934,5934,0,168,0,0,655,169,0,2
5935,5935,0,168,0,0,655,169,0,2
5936,5936,0,168,0,0,655,169,0,0
5937,5937,0,168,0,0,655,169,0,0
5938,5938,0,168,0,0,655,169,0,0
5939,5939,0,168,0,0,655,169,0,2
5940,5940,0,168,0,0,655,169,0,2
5941,5941,0,168,0,0,655,169,0,2
5942,5942,0,168,0,0,655,169,0,7
5943,5943,0,168,0,0,655,169,0,7
5944,5944,0,168,0,0,655,169,0,7
5945,5945,0,168,0,0,655,169,0,2
5946,5946,0,168,0,0,655,169,0,2
5947,5947,0,168,0,0,655,169,0,2
5948,5948,0,168,0,0,655,169,0,2
5949,5949,0,168,0,0,655,169,0,6
5950,5950,0,168,0,0,655,169,0,6
5951,5951,0,168,0,0,655,169,0,6
5952,5952,0,168,0,0,655,169,0,2
5953,5953,0,168,0,0,655,169,0,2
5954,5954,0,168,0,0,655,169,0,2
5955,5955,0,168,0,0,655,169,0,2
5956,5956,0,168,0,0,655,169,0,0
5957,5957,0,168,0,0,655,169,0,0
5958,5958,0,168,0,0,655,169,0,0
5959,5959,0,168,0,0,655,169,0,2
5960,5960,0,168,0,0,655,169,0,2
5961,5961,0,168,0,0,655,169,0,2
5962,5962,0,168,0,0,655,169,0,7
5963,5963,0,168,0,0,655,169,0,7
5964,5964,0,168,0,0,655,169,0,7
5965,5965,0,168,0,0,655,169,0,2
5966,5966,0,168,0,0,655,169,0,2
5967,5967,0,168,0,0,655,169,0,2
5968,5968,0,168,0,0,655,169,0,2
5969,5969,0,168,0,0,655,169,0,6
5970,5970,0,168,0,0,655,169,0,6
5971,5971,0,168,0,0,655,169,0,6
5972,5972,0,168,0,0,655,169,0,2
5973,5973,0,168,0,0,655,169,0,2
5974,5974,0,168,0,0,655,169,0,2
5975,5975,0,168,0,0,655,169,0,2
5976,5976,0,168,0,0,655,169,0,0
5977,5977,0,168,0,0,655,169,0,0
5978,5978,0,168,0,0,655,169,0,0
5979,5979,0,168,0,0,655,169,0,2
5980,5980,0,168,0,0,655,169,0,2
5981,5981,0,168,0,0,655,169,0,2
5982,5982,0,168,0,0,655,169,0,7
5983,5983,0,168,0,0,655,169,0,7
5984,5984,0,168,0,0,655,169,0,7
5985,5985,0,168,0,0,655,169,0,2
5986,5986,0,168,0,0,655,169,0,2
5987,5987,0,168,0,0,655,169,0,2
5988,5988,0,168,0,0,655,169,0,2
5989,5989,0,168,0,0,655,169,0,6
5990,5990,0,168,0,0,655,169,0,6
5991,5991,0,168,0,0,655,169,0,6
5992,5992,0,168,0,0,655,169,0,2
5993,5993,0,168,0,0,655,169,0,2
5994,5994,0,168,0,0,655,169,0,2
5995,5995,0,168,0,0,655,169,0,2
5996,5996,0,168,0,0,655,169,0,0
5997,5997,0,168,0,0,655,169,0,0
5998,5998,0,168,0,0,655,169,0,0
5999,5999,0,168,0,0,655,169,0,2
6000,6000,0,168,0,0,655,169,0,2
6001,6001,0,168,0,0,655,169,0,2
6002,6002,0,168,0,0,655,169,0,7
6003,6003,0,168,0,0,655,169,0,7
6004,6004,0,168,0,0,655,169,0,7
6005,6005,0,168,0,0,655,169,0,2
6006,6006,0,168,0,0,655,169,0,2
6007,6007,0,168,0,0,655,169,0,2
6008,6008,0,168,0,0,655,169,0,2
6009,6009,0,168,0,0,655,169,0,6
6010,6010,0,168,0,0,655,169,0,6
6011,6011,0,168,0,0,655,169,0,6
6012,6012,0,168,0,0,655,169,0,2
6013,6013,0,168,0,0,655,169,0,2
6014,6014,0,168,0,0,655,169,0,2
6015,6015,0,168,0,0,655,169,0,2
6016,6016,0,168,0,0,655,169,0,0
6017,6017,0,168,0,0,655,169,0,0
6018,6018,0,168,0,0,655,169,0,0
6019,6019,0,168,0,0,655,169,0,2
6020,6020,0,168,0,0,655,169,0,2
6021,6021,0,168,0,0,655,169,0,2
6022,6022,0,168,0,0,655,169,0,7
6023,6023,0,168,0,0,655,169,0,7
6024,6024,0,168,0,0,655,169,0,7
6025,6025,0,168,0,0,655,169,0,2
6026,6026,0,168,0,0,655,169,0,2
6027,6027,0,168,0,0,655,169,0,2
6028,6028,0,168,0,0,655,169,0,2
6029,6029,0,168,0,0,655,169,0,6
6030,6030,0,168,0,0,655,169,0,6
6031,6031,0,168,0,0,655,169,0,6
6032,6032,0,168,0,0,655,169,0,2
6033,6033,0,168,0,0,655,169,0,2
6034,6034,0,168,0,0,655,169,0,2
6035,6035,0,168,0,0,655,169,0,2
6036,6036,0,168,0,0,655,169,0,0
6037,6037,0,168,0,0,655,169,0,0
6038,6038,0,168,0,0,655,169,0,0
6039,6039,0,168,0,0,655,169,0,2
6040,6040,0,168,0,0,655,169,0,2
6041,6041,0,168,0,0,655,169,0,2
6042,6042,0,168,0,0,655,169,0,7
6043,6043,0,168,0,0,655,169,0,7
6044,6044,0,168,0,0,655,169,0,7
6045,6045,0,168,0,0,655,169,0,2
6046,6046,0,168,0,0,655,169,0,2
6047,6047,0,168,0,0,655,169,0,2
6048,6048,0,168,0,0,655,169,0,2
6049,6049,0,168,0,0,655,169,0,6
6050,6050,0,168,0,0,655,169,0,6
6051,6051,0,168,0,0,655,169,0,6
6052,6052,0,168,0,0,655,169,0,2
6053,6053,0,168,0,0,655,169,0,2
6054,6054,0,168,0,0,655,169,0,2
6055,6055,0,168,0,0,655,169,0,2
6056,6056,0,168,0,0,655,169,0,0
6057,6057,0,168,0,0,655,169,0,0
6058,6058,0,168,0,0,655,169,0,0
6059,6059,0,168,0,0,655,169,0,2
6060,6060,0,168,0,0,655,169,0,2
6061,6061,0,168,0,0,655,169,0,2
6062,6062,0,168,0,0,655,169,0,7
6063,6063,0,168,0,0,655,169,0,7
6064,6064,0,168,0,0,655,169,0,7
6065,6065,0,168,0,0,655,169,0,2
6066,6066,0,168,0,0,655,169,0,2
6067,6067,0,168,0,0,655,169,0,2
6068,6068,0,168,0,0,655,169,0,2
6069,6069,0,168,0,0,655,169,0,6
6070,6070,0,168,0,0,655,169,0,6
6071,6071,0,168,0,0,655,169,0,6
6072,6072,0,168,0,0,655,169,0,2
6073,6073,0,168,0,0,655,169,0,2
6074,6074,0,168,0,0,655,169,0,2
6075,6075,0,168,0,0,655,169,0,2
6076,6076,0,168,0,0,655,169,0,0
6077,6077,0,168,0,0,655,169,0,0
6078,6078,0,168,0,0,655,169,0,0
6079,6079,0,168,0,0,655,169,0,2
6080,6080,0,168,0,0,655,169,0,2
6081,6081,0,168,0,0,655,169,0,2
6082,6082,0,168,0,0,655,169,0,7
6083,6083,0,168,0,0,655,169,0,7
6084,6084,0,168,0,0,655,169,0,7
6085,6085,0,168,0,0,655,169,0,2
6086,6086,0,168,0,0,655,169,0,2
6087,6087,0,168,0,0,655,169,0,2
6088,6088,0,168,0,0,655,169,0,2
6089,6089,0,168,0,0,655,169,0,6
6090,6090,0,168,0,0,655,169,0,6
6091,6091,0,168,0,0,655,169,0,6
6092,6092,0,168,0,0,655,169,0,2
6093,6093,0,168,0,0,655,169,0,2
6094,6094,0,168,0,0,655,169,0,2
6095,6095,0,168,0,0,655,169,0,2
6096,6096,0,168,0,0,655,169,0,0
6097,6097,0,168,0,0,655,169,0,0
6098,6098,0,168,0,0,655,169,0,0
6099,6099,0,168,0,0,655,169,0,2
6100,6100,0,168,0,0,655,169,0,2
6101,6101,0,168,0,0,655,169,0,2
6102,6102,0,168,0,0,655,169,0,7
6103,6103,0,168,0,0,655,169,0,7
6104,6104,0,168,0,0,655,169,0,7
6105,6105,0,168,0,0,655,169,0,2
6106,6106,0,168,0,0,655,169,0,2
6107,6107,0,168,0,0,655,169,0,2
6108,6108,0,168,0,0,655,169,0,2
6109,6109,0,168,0,0,655,169,0,6
6110,6110,0,168,0,0,655,169,0,6
6111,6111,0,168,0,0,655,169,0,6
6112,6112,0,168,0,0,655,169,0,2
6113,6113,0,168,0,0,655,169,0,2
6114,6114,0,168,0,0,655,169,0,2
6115,6115,0,168,0,0,655,169,0,2
6116,6116,0,168,0,0,655,169,0,0
6117,6117,0,168,0,0,655,169,0,0
6118,6118,0,168,0,0,655,169,0,0
6119,6119,0,168,0,0,655,169,0,2
6120,6120,0,168,0,0,655,169,0,2
6121,6121,0,168,0,0,655,169,0,2
6122,6122,0,168,0,0,655,169,0,7
6123,6123,0,168,0,0,655,169,0,7
6124,6124,0,168,0,0,655,169,0,7
6125,6125,0,168,0,0,655,169,0,2
6126,6126,0,168,0,0,655,169,0,2
6127,6127,0,168,0,0,655,169,0,2
6128,6128,0,168,0,0,655,169,0,2
6129,6129,0,168,0,0,655,169,0,6
6130,6130,0,168,0,0,655,169,0,6
6131,6131,0,168,0,0,655,169,0,6
6132,6132,0,168,0,0,655,169,0,2
6133,6133,0,168,0,0,655,169,0,2
6134,6134,0,168,0,0,655,169,0,2
6135,6135,0,168,0,0,655,169,0,2
6136,6136,0,168,0,0,655,169,0,0
6137,6137,0,168,0,0,655,169,0,0
6138,6138,0,168,0,0,655,169,0,0
6139,6139,0,168,0,0,655,169,0,2
6140,6140,0,168,0,0,655,169,0,2
6141,6141,0,168,0,0,655,169,0,2
6142,6142,0,168,0,0,655,169,0,7
6143,6143,0,168,0,0,655,169,0,7
6144,6144,0,168,0,0,655,169,0,7
6145,6145,0,168,0,0,655,169,0,2
6146,6146,0,168,0,0,655,169,0,2
6147,6147,0,168,0,0,655,169,0,2
6148,6148,0,168,0,0,655,169,0,2
6149,6149,0,168,0,0,655,169,0,6
6150,6150,0,168,0,0,655,169,0,6
6151,6151,0,168,0,0,655,169,0,6
6152,6152,0,168,0,0,655,169,0,2
6153,6153,0,168,0,0,655,169,0,2
6154,6154,0,168,0,0,655,169,0,2
6155,6155,0,168,0,0,655,169,0,2
6156,6156,0,168,0,0,655,169,0,0
6157,6157,0,168,0,0,655,169,0,0
6158,6158,0,168,0,0,655,169,0,0
6159,6159,0,168,0,0,655,169,0,2
6160,6160,0,168,0,0,655,169,0,2
6161,6161,0,168,0,0,655,169,0,2
6162,6162,0,168,0,0,655,169,0,7
6163,6163,0,168,0,0,655,169,0,7
6164,6164,0,168,0,0,655,169,0,7
6165,6165,0,168,0,0,655,169,0,2
6166,6166,0,168,0,0,655,169,0,2
6167,6167,0,168,0,0,655,169,0,2
6168,6168,0,168,0,0,655,169,0,2
6169,6169,0,168,0,0,655,169,0,6
6170,6170,0,168,0,0,655,169,0,6
6171,6171,0,168,0,0,655,169,0,6
6172,6172,0,168,0,0,655,169,0,2
6173,6173,0,168,0,0,655,169,0,2
6174,6174,0,168,0,0,655,169,0,2
6175,6175,0,168,0,0,655,169,0,2
6176,6176,0,168,0,0,655,169,0,0
6177,6177,0,168,0,0,655,169,0,0
6178,6178,0,168,0,0,655,169,0,0
6179,6179,0,168,0,0,655,169,0,2
6180,6180,0,168,0,0,655,169,0,2
6181,6181,0,168,0,0,655,169,0,2
6182,6182,0,168,0,0,655,169,0,7
6183,6183,0,168,0,0,655,169,0,7
6184,6184,0,168,0,0,655,169,0,7
6185,6185,0,168,0,0,655,169,0,2
6186,6186,0,168,0,0,655,169,0,2
6187,6187,0,168,0,0,655,169,0,2
6188,6188,0,168,0,0,655,169,0,2
6189,6189,0,168,0,0,655,169,0,6
6190,6190,0,168,0,0,655,169,0,6
6191,6191,0,168,0,0,655,169,0,6
6192,6192,0,168,0,0,655,169,0,2
6193,6193,0,168,0,0,655,169,0,2
6194,6194,0,168,0,0,655,169,0,2
6195,6195,0,168,0,0,655,169,0,2
6196,6196,0,168,0,0,655,169,0,0
6197,6197,0,168,0,0,655,169,0,0
6198,6198,0,168,0,0,655,169,0,0
6199,6199,0,168,0,0,655,169,0,2
6200,6200,0,168,0,0,655,169,0,2
6201,6201,0,168,0,0,655,169,0,2
6202,6202,0,168,0,0,655,169,0,7
6203,6203,0,168,0,0,655,169,0,7
6204,6204,0,168,0,0,655,169,0,7
6205,6205,0,168,0,0,655,169,0,2
6206,6206,0,168,0,0,655,169,0,2
6207,6207,0,168,0,0,655,169,0,2
6208,6208,0,168,0,0,655,169,0,2
6209,6209,0,168,0,0,655,169,0,6
6210,6210,0,168,0,0,655,169,0,6
6211,6211,0,168,0,0,655,169,0,6
6212,6212,0,168,0,0,655,169,0,2
6213,6213,0,168,0,0,655,169,0,2
6214,6214,0,168,0,0,655,169,0,2
6215,6215,0,168,0,0,655,169,0,2
6216,6216,0,168,0,0,655,169,0,0
6217,6217,0,168,0,0,655,169,0,0
6218,6218,0,168,0,0,655,169,0,0
6219,6219,0,168,0,0,655,169,0,2
6220,6220,0,168,0,0,655,169,0,2
6221,6221,0,168,0,0,655,169,0,2
6222,6222,0,168,0,0,655,169,0,7
6223,6223,0,168,0,0,655,169,0,7
6224,6224,0,168,0,0,655,169,0,7
6225,6225,0,168,0,0,655,169,0,2
6226,6226,0,168,0,0,655,169,0,2
6227,6227,0,168,0,0,655,169,0,2
6228,6228,0,168,0,0,655,169,0,2
6229,6229,0,168,0,0,655,169,0,6
6230,6230,0,168,0,0,655,169,0,6
6231,6231,0,168,0,0,655,169,0,6
6232,6232,0,168,0,0,655,169,0,2
6233,6233,0,168,0,0,655,169,0,2
6234,6234,0,168,0,0,655,169,0,2
6235,6235,0,168,0,0,655,169,0,2
6236,6236,0,168,0,0,655,169,0,0
6237,6237,0,168,0,0,655,169,0,0
6238,6238,0,168,0,0,655,169,0,0
6239,6239,0,168,0,0,655,169,0,2
6240,6240,0,168,0,0,655,169,0,2
6241,6241,0,168,0,0,655,169,0,2
6242,6242,0,168,0,0,655,169,0,7
6243,6243,0,168,0,0,655,169,0,7
6244,6244,0,168,0,0,655,169,0,7
6245,6245,0,168,0,0,655,169,0,2
6246,6246,0,168,0,0,655,169,0,2
6247,6247,0,168,0,0,655,169,0,2
6248,6248,0,168,0,0,655,169,0,2
6249,6249,0,168,0,0,655,169,0,6
6250,6250,0,168,0,0,655,169,0,6
6251,6251,0,168,0,0,655,169,0,6
6252,6252,0,168,0,0,655,169,0,2
6253,6253,0,168,0,0,655,169,0,2
6254,6254,0,168,0,0,655,169,0,2
6255,6255,0,168,0,0,655,169,0,2
6256,6256,0,168,0,0,655,169,0,0
6257,6257,0,168,0,0,655,169,0,0
6258,6258,0,168,0,0,655,169,0,0
6259,6259,0,168,0,0,655,169,0,2
6260,6260,0,168,0,0,655,169,0,2
6261,6261,0,168,0,0,655,169,0,2
6262,6262,0,168,0,0,655,169,0,7
6263,6263,0,168,0,0,655,169,0,7
6264,6264,0,168,0,0,655,169,0,7
6265,6265,0,168,0,0,655,169,0,2
6266,6266,0,168,0,0,655,169,0,2
6267,6267,0,168,0,0,655,169,0,2
6268,6268,0,168,0,0,655,169,0,2
6269,6269,0,168,0,0,655,169,0,6
6270,6270,0,168,0,0,655,169,0,6
6271,6271,0,168,0,0,655,169,0,6
6272,6272,0,168,0,0,655,169,0,2
6273,6273,0,168,0,0,655,169,0,2
6274,6274,0,168,0,0,655,169,0,2
6275,6275,0,168,0,0,655,169,0,2
6276,6276,0,168,0,0,655,169,0,0
6277,6277,0,168,0,0,655,169,0,0
6278,6278,0,168,0,0,655,169,0,0
6279,6279,0,168,0,0,655,169,0,2
6280,6280,0,168,0,0,655,169,0,2
6281,6281,0,168,0,0,655,169,0,2
6282,6282,0,168,0,0,655,169,0,7
6283,6283,0,168,0,0,655,169,0,7
6284,6284,0,168,0,0,655,169,0,7
6285,6285,0,168,0,0,655,169,0,2
6286,6286,0,168,0,0,655,169,0,2
6287,6287,0,168,0,0,655,169,0,2
6288,6288,0,168,0,0,655,169,0,2
6289,6289,0,168,0,0,655,169,0,6
6290,6290,0,168,0,0,655,169,0,6
6291,6291,0,168,0,0,655,169,0,6
6292,6292,0,168,0,0,655,169,0,2
6293,6293,0,168,0,0,655,169,0,2
6294,6294,0,168,0,0,655,169,0,2
6295,6295,0,168,0,0,655,169,0,2
6296,6296,0,168,0,0,655,169,0,0
6297,6297,0,168,0,0,655,169,0,0
6298,6298,0,168,0,0,655,169,0,0
6299,6299,0,168,0,0,655,169,0,2
6300,6300,0,168,0,0,655,169,0,2
6301,6301,0,168,0,0,655,169,0,2
6302,6302,0,168,0,0,655,169,0,7
6303,6303,0,168,0,0,655,169,0,7
6304,6304,0,168,0,0,655,169,0,7
6305,6305,0,168,0,0,655,169,0,2
6306,6306,0,168,0,0,655,169,0,2
6307,6307,0,168,0,0,655,169,0,2
6308,6308,0,168,0,0,655,169,0,2
6309,6309,0,168,0,0,655,169,0,6
6310,6310,0,168,0,0,655,169,0,6
6311,6311,0,168,0,0,655,169,0,6
6312,6312,0,168,0,0,655,169,0,2
6313,6313,0,168,0,0,655,169,0,2
6314,6314,0,168,0,0,655,169,0,2
6315,6315,0,168,0,0,655,169,0,2
6316,6316,0,168,0,0,655,169,0,0
6317,6317,0,168,0,0,655,169,0,0
6318,6318,0,168,0,0,655,169,0,0
6319,6319,0,168,0,0,655,169,0,2
6320,6320,0,168,0,0,655,169,0,2
6321,6321,0,168,0,0,655,169,0,2
6322,6322,0,168,0,0,655,169,0,7
6323,6323,0,168,0,0,655,169,0,7
6324,6324,0,168,0,0,655,169,0,7
6325,6325,0,168,0,0,655,169,0,2
6326,6326,0,168,0,0,655,169,0,2
6327,6327,0,168,0,0,655,169,0,2
6328,6328,0,168,0,0,655,169,0,2
6329,6329,0,168,0,0,655,169,0,6
6330,6330,0,168,0,0,655,169,0,6
6331,6331,0,168,0,0,655,169,0,6
6332,6332,0,168,0,0,655,169,0,2
6333,6333,0,168,0,0,655,169,0,2
6334,6334,0,168,0,0,655,169,0,2
6335,6335,0,168,0,0,655,169,0,2
6336,6336,0,168,0,0,655,169,0,0
6337,6337,0,168,0,0,655,169,0,0
6338,6338,0,168,0,0,655,169,0,0
6339,6339,0,168,0,0,655,169,0,2
6340,6340,0,168,0,0,655,169,0,2
6341,6341,0,168,0,0,655,169,0,2
6342,6342,0,168,0,0,655,169,0,7
6343,6343,0,168,0,0,655,169,0,7
6344,6344,0,168,0,0,655,169,0,7
6345,6345,0,168,0,0,655,169,0,2
6346,6346,0,168,0,0,655,169,0,2
6347,6347,0,168,0,0,655,169,0,2
6348,6348,0,168,0,0,655,169,0,2
6349,6349,0,168,0,0,655,169,0,6
6350,6350,0,168,0,0,655,169,0,6
6351,6351,0,168,0,0,655,169,0,6
6352,6352,0,168,0,0,655,169,0,2
6353,6353,0,168,0,0,655,169,0,2
6354,6354,0,168,0,0,655,169,0,2
6355,6355,0,168,0,0,655,169,0,2
6356,6356,0,168,0,0,655,169,0,0
6357,6357,0,168,0,0,655,169,0,0
6358,6358,0,168,0,0,655,169,0,0
6359,6359,0,168,0,0,655,169,0,2
6360,6360,0,168,0,0,655,169,0,2
6361,6361,0,168,0,0,655,169,0,2
6362,6362,0,168,0,0,655,169,0,7
6363,6363,0,168,0,0,655,169,0,7
6364,6364,0,168,0,0,655,169,0,7
6365,6365,0,168,0,0,655,169,0,2
6366,6366,0,168,0,0,655,169,0,2
6367,6367,0,168,0,0,655,169,0,2
6368,6368,0,168,0,0,655,169,0,2
6369,6369,0,168,0,0,655,169,0,6
6370,6370,0,168,0,0,655,169,0,6
6371,6371,0,168,0,0,655,169,0,6
6372,6372,0,168,0,0,655,169,0,2
6373,6373,0,168,0,0,655,169,0,2
6374,6374,0,168,0,0,655,169,0,2
6375,6375,0,168,0,0,655,169,0,2
6376,6376,0,168,0,0,655,169,0,0
6377,6377,0,168,0,0,655,169,0,0
6378,6378,0,168,0,0,655,169,0,0
6379,6379,0,168,0,0,655,169,0,2
6380,6380,0,168,0,0,655,169,0,2
6381,6381,0,168,0,0,655,169,0,2
6382,6382,0,168,0,0,655,169,0,7
6383,6383,0,168,0,0,655,169,0,7
6384,6384,0,168,0,0,655,169,0,7
6385,6385,0,168,0,0,655,169,0,2
6386,6386,0,168,0,0,655,169,0,2
6387,6387,0,168,0,0,655,169,0,2
6388,6388,0,168,0,0,655,169,0,2
6389,6389,0,168,0,0,655,169,0,6
6390,6390,0,168,0,0,655,169,0,6
6391,6391,0,168,0,0,655,169,0,6
6392,6392,0,168,0,0,655,169,0,2
6393,6393,0,168,0,0,655,169,0,2
6394,6394,0,168,0,0,655,169,0,2
6395,6395,0,168,0,0,655,169,0,2
6396,6396,0,168,0,0,655,169,0,0
6397,6397,0,168,0,0,655,169,0,0
6398,6398,0,168,0,0,655,169,0,0
6399,6399,0,168,0,0,655,169,0,2
6400,6400,0,168,0,0,655,169,0,2
6401,6401,0,168,0,0,655,169,0,2
6402,6402,0,168,0,0,655,169,0,7
6403,6403,0,168,0,0,655,169,0,7
6404,6404,0,168,0,0,655,169,0,7
6405,6405,0,168,0,0,655,169,0,2
6406,6406,0,168,0,0,655,169,0,2
6407,6407,0,168,0,0,655,169,0,2
6408,6408,0,168,0,0,655,169,0,2
6409,6409,0,168,0,0,655,169,0,6
6410,6410,0,168,0,0,655,169,0,6
6411,6411,0,168,0,0,655,169,0,6
6412,6412,0,168,0,0,655,169,0,2
6413,6413,0,168,0,0,655,169,0,2
6414,6414,0,168,0,0,655,169,0,2
6415,6415,0,168,0,0,655,169,0,2
6416,6416,0,168,0,0,655,169,0,0
6417,6417,0,168,0,0,655,169,0,0
6418,6418,0,168,0,0,655,169,0,0
6419,6419,0,168,0,0,655,169,0,2
6420,6420,0,168,0,0,655,169,0,2
6421,6421,0,168,0,0,655,169,0,2
6422,6422,0,168,0,0,655,169,0,7
6423,6423,0,168,0,0,655,169,0,7
6424,6424,0,168,0,0,655,169,0,7
6425,6425,0,168,0,0,655,169,0,2
6426,6426,0,168,0,0,655,169,0,2
6427,6427,0,168,0,0,655,169,0,2
6428,6428,0,168,0,0,655,169,0,2
6429,6429,0,168,0,0,655,169,0,6
6430,6430,0,168,0,0,655,169,0,6
6431,6431,0,168,0,0,655,169,0,6
6432,6432,0,168,0,0,655,169,0,2
6433,6433,0,168,0,0,655,169,0,2
6434,6434,0,168,0,0,655,169,0,2
6435,6435,0,168,0,0,655,169,0,2
6436,6436,0,168,0,0,655,169,0,0
6437,6437,0,168,0,0,655,169,0,0
6438,6438,0,168,0,0,655,169,0,0
6439,6439,0,168,0,0,655,169,0,2
6440,6440,0,168,0,0,655,169,0,2
6441,6441,0,168,0,0,655,169,0,2
6442,6442,0,168,0,0,655,169,0,7
6443,6443,0,168,0,0,655,169,0,7
6444,6444,0,168,0,0,655,169,0,7
6445,6445,0,168,0,0,655,169,0,2
6446,6446,0,168,0,0,655,169,0,2
6447,6447,0,168,0,0,655,169,0,2
6448,6448,0,168,0,0,655,169,0,2
6449,6449,0,168,0,0,655,169,0,6
6450,6450,0,168,0,0,655,169,0,6
6451,6451,0,168,0,0,655,169,0,6
6452,6452,0,168,0,0,655,169,0,2
6453,6453,0,168,0,0,655,169,0,2
6454,6454,0,168,0,0,655,169,0,2
6455,6455,0,168,0,0,655,169,0,2
6456,6456,0,168,0,0,655,169,0,0
6457,6457,0,168,0,0,655,169,0,0
6458,6458,0,168,0,0,655,169,0,0
6459,6459,0,168,0,0,655,169,0,2
6460,6460,0,168,0,0,655,169,0,2
6461,6461,0,168,0,0,655,169,0,2
6462,6462,0,168,0,0,655,169,0,7
6463,6463,0,168,0,0,655,169,0,7
6464,6464,0,168,0,0,655,169,0,7
6465,6465,0,168,0,0,655,169,0,2
6466,6466,0,168,0,0,655,169,0,2
6467,6467,0,168,0,0,655,169,0,2
6468,6468,0,168,0,0,655,169,0,2
6469,6469,0,168,0,0,655,169,0,6
6470,6470,0,168,0,0,655,169,0,6
6471,6471,0,168,0,0,655,169,0,6
6472,6472,0,168,0,0,655,169,0,2
6473,6473,0,168,0,0,655,169,0,2
6474,6474,0,168,0,0,655,169,0,2
6475,6475,0,168,0,0,655,169,0,2
6476,6476,0,168,0,0,655,169,0,0
6477,6477,0,168,0,0,655,169,0,0
6478,6478,0,168,0,0,655,169,0,0
6479,6479,0,168,0,0,655,169,0,2
6480,6480,0,168,0,0,655,169,0,2
6481,6481,0,168,0,0,655,169,0,2
6482,6482,0,168,0,0,655,169,0,7
6483,6483,0,168,0,0,655,169,0,7
6484,6484,0,168,0,0,655,169,0,7
6485,6485,0,168,0,0,655,169,0,2
6486,6486,0,168,0,0,655,169,0,2
6487,6487,0,168,0,0,655,169,0,2
6488,6488,0,168,0,0,655,169,0,2
6489,6489,0,168,0,0,655,169,0,6
6490,6490,0,168,0,0,655,169,0,6
6491,6491,0,168,0,0,655,169,0,6
6492,6492,0,168,0,0,655,169,0,2
6493,6493,0,168,0,0,655,169,0,2
6494,6494,0,168,0,0,655,169,0,2
6495,6495,0,168,0,0,655,169,0,2
6496,6496,0,168,0,0,655,169,0,0
6497,6497,0,168,0,0,655,169,0,0
6498,6498,0,168,0,0,655,169,0,0
6499,6499,0,168,0,0,655,169,0,2
6500,6500,0,168,0,0,655,169,0,2
6501,6501,0,168,0,0,655,169,0,2
6502,6502,0,168,0,0,655,169,0,7
6503,6503,0,168,0,0,655,169,0,7
6504,6504,0,168,0,0,655,169,0,7
6505,6505,0,168,0,0,655,169,0,2
6506,6506,0,168,0,0,655,169,0,2
6507,6507,0,168,0,0,655,169,0,2
6508,6508,0,168,0,0,655,169,0,2
6509,6509,0,168,0,0,655,169,0,6
6510,6510,0,168,0,0,655,169,0,6
6511,6511,0,168,0,0,655,169,0,6
6512,6512,0,168,0,0,655,169,0,2
6513,6513,0,168,0,0,655,169,0,2
6514,6514,0,168,0,0,655,169,0,2
6515,6515,0,168,0,0,655,169,0,2
6516,6516,0,168,0,0,655,169,0,0
6517,6517,0,168,0,0,655,169,0,0
6518,6518,0,168,0,0,655,169,0,0
6519,6519,0,168,0,0,655,169,0,2
6520,6520,0,168,0,0,655,169,0,2
6521,6521,0,168,0,0,655,169,0,2
6522,6522,0,168,0,0,655,169,0,7
6523,6523,0,168,0,0,655,169,0,7
6524,6524,0,168,0,0,655,169,0,7
6525,6525,0,168,0,0,655,169,0,2
6526,6526,0,168,0,0,655,169,0,2
6527,6527,0,168,0,0,655,169,0,2
6528,6528,0,168,0,0,655,169,0,2
6529,6529,0,168,0,0,655,169,0,6
6530,6530,0,168,0,0,655,169,0,6
6531,6531,0,168,0,0,655,169,0,6
6532,6532,0,168,0,0,655,169,0,2
6533,6533,0,168,0,0,655,169,0,2
6534,6534,0,168,0,0,655,169,0,2
6535,6535,0,168,0,0,655,169,0,2
6536,6536,0,168,0,0,655,169,0,0
6537,6537,0,168,0,0,655,169,0,0
6538,6538,0,168,0,0,655,169,0,0
6539,6539,0,168,0,0,655,169,0,2
6540,6540,0,168,0,0,655,169,0,2
6541,6541,0,168,0,0,655,169,0,2
6542,6542,0,168,0,0,655,169,0,7
6543,6543,0,168,0,0,655,169,0,7
6544,6544,0,168,0,0,655,169,0,7
6545,6545,0,168,0,0,655,169,0,2
6546,6546,0,168,0,0,655,169,0,2
6547,6547,0,168,0,0,655,169,0,2
6548,6548,0,168,0,0,655,169,0,2
6549,6549,0,168,0,0,655,169,0,6
6550,6550,0,168,0,0,655,169,0,6
6551,6551,0,168,0,0,655,169,0,6
6552,6552,0,168,0,0,655,169,0,2
6553,6553,0,168,0,0,655,169,0,2
6554,6554,0,168,0,0,655,169,0,2
6555,6555,0,168,0,0,655,169,0,2
6556,6556,0,168,0,0,655,169,0,0
6557,6557,0,168,0,0,655,169,0,0
6558,6558,0,168,0,0,655,169,0,0
6559,6559,0,168,0,0,655,169,0,2
6560,6560,0,168,0,0,655,169,0,2
6561,6561,0,168,0,0,655,169,0,2
6562,6562,0,168,0,0,655,169,0,7
6563,6563,0,168,0,0,655,169,0,7
6564,6564,0,168,0,0,655,169,0,7
6565,6565,0,168,0,0,655,169,0,2
6566,6566,0,168,0,0,655,169,0,2
6567,6567,0,168,0,0,655,169,0,2
6568,6568,0,168,0,0,655,169,0,2
6569,6569,0,168,0,0,655,169,0,6
6570,6570,0,168,0,0,655,169,0,6
6571,6571,0,168,0,0,655,169,0,6
6572,6572,0,168,0,0,655,169,0,2
6573,6573,0,168,0,0,655,169,0,2
6574,6574,0,168,0,0,655,169,0,2
6575,6575,0,168,0,0,655,169,0,2
6576,6576,0,168,0,0,655,169,0,0
6577,6577,0,168,0,0,655,169,0,0
6578,6578,0,168,0,0,655,169,0,0
6579,6579,0,168,0,0,655,169,0,2
6580,6580,0,168,0,0,655,169,0,2
6581,6581,0,168,0,0,655,169,0,2
6582,6582,0,168,0,0,655,169,0,7
6583,6583,0,168,0,0,655,169,0,7
6584,6584,0,168,0,0,655,169,0,7
6585,6585,0,168,0,0,655,169,0,2
6586,6586,0,168,0,0,655,169,0,2
6587,6587,0,168,0,0,655,169,0,2
6588,6588,0,168,0,0,655,169,0,2
6589,6589,0,168,0,0,655,169,0,6
6590,6590,0,168,0,0,655,169,0,6
6591,6591,0,168,0,0,655,169,0,6
6592,6592,0,168,0,0,655,169,0,2
6593,6593,0,168,0,0,655,169,0,2
6594,6594,0,168,0,0,655,169,0,2
6595,6595,0,168,0,0,655,169,0,2
6596,6596,0,168,0,0,655,169,0,0
6597,6597,0,168,0,0,655,169,0,0
6598,6598,0,168,0,0,655,169,0,0
6599,6599,0,168,0,0,655,169,0,2
6600,6600,0,168,0,0,655,169,0,2
6601,6601,0,168,0,0,655,169,0,2
6602,6602,0,168,0,0,655,169,0,7
6603,6603,0,168,0,0,655,169,0,7
6604,6604,0,168,0,0,655,169,0,7
6605,6605,0,168,0,0,655,169,0,2
6606,6606,0,168,0,0,655,169,0,2
6607,6607,0,168,0,0,655,169,0,2
6608,6608,0,168,0,0,655,169,0,2
6609,6609,0,168,0,0,655,169,0,6
6610,6610,0,168,0,0,655,169,0,6
6611,6611,0,168,0,0,655,169,0,6
6612,6612,0,168,0,0,655,169,0,2
6613,6613,0,168,0,0,655,169,0,2
6614,6614,0,168,0,0,655,169,0,2
6615,6615,0,168,0,0,655,169,0,2
6616,6616,0,168,0,0,655,169,0,0
6617,6617,0,168,0,0,655,169,0,0
6618,6618,0,168,0,0,655,169,0,0
6619,6619,0,168,0,0,655,169,0,2
6620,6620,0,168,0,0,655,169,0,2
6621,6621,0,168,0,0,655,169,0,2
6622,6622,0,168,0,0,655,169,0,7
6623,6623,0,168,0,0,655,169,0,7
6624,6624,0,168,0,0,655,169,0,7
6625,6625,0,168,0,0,655,169,0,2
6626,6626,0,168,0,0,655,169,0,2
6627,6627,0,168,0,0,655,169,0,2
6628,6628,0,168,0,0,655,169,0,2
6629,6629,0,168,0,0,655,169,0,6
6630,6630,0,168,0,0,655,169,0,6
6631,6631,0,168,0,0,655,169,0,6
6632,6632,0,168,0,0,655,169,0,2
6633,6633,0,168,0,0,655,169,0,2
6634,6634,0,168,0,0,655,169,0,2
6635,6635,0,168,0,0,655,169,0,2
6636,6636,0,168,0,0,655,169,0,0
6637,6637,0,168,0,0,655,169,0,0
6638,6638,0,168,0,0,655,169,0,0
6639,6639,0,168,0,0,655,169,0,2
6640,6640,0,168,0,0,655,169,0,2
6641,6641,0,168,0,0,655,169,0,2
6642,6642,0,168,0,0,655,169,0,7
6643,6643,0,168,0,0,655,169,0,7
6644,6644,0,168,0,0,655,169,0,7
6645,6645,0,168,0,0,655,169,0,2
6646,6646,0,168,0,0,655,169,0,2
6647,6647,0,168,0,0,655,169,0,2
6648,6648,0,168,0,0,655,169,0,2
6649,6649,0,168,0,0,655,169,0,6
6650,6650,0,168,0,0,655,169,0,6
6651,6651,0,168,0,0,655,169,0,6
6652,6652,0,168,0,0,655,169,0,2
6653,6653,0,168,0,0,655,169,0,2
6654,6654,0,168,0,0,655,169,0,2
6655,6655,0,168,0,0,655,169,0,2
6656,6656,0,168,0,0,655,169,0,0
6657,6657,0,168,0,0,655,169,0,0
6658,6658,0,168,0,0,655,169,0,0
6659,6659,0,168,0,0,655,169,0,2
6660,6660,0,168,0,0,655,169,0,2
6661,6661,0,168,0,0,655,169,0,2
6662,6662,0,168,0,0,655,169,0,7
6663,6663,0,168,0,0,655,169,0,7
6664,6664,0,168,0,0,655,169,0,7
6665,6665,0,168,0,0,655,169,0,2
6666,6666,0,168,0,0,655,169,0,2
6667,6667,0,168,0,0,655,169,0,2
6668,6668,0,168,0,0,655,169,0,2
6669,6669,0,168,0,0,655,169,0,6
6670,6670,0,168,0,0,655,169,0,6
6671,6671,0,168,0,0,655,169,0,6
6672,6672,0,168,0,0,655,169,0,2
6673,6673,0,168,0,0,655,169,0,2
6674,6674,0,168,0,0,655,169,0,2
6675,6675,0,168,0,0,655,169,0,2
6676,6676,0,168,0,0,655,169,0,0
6677,6677,0,168,0,0,655,169,0,0
6678,6678,0,168,0,0,655,169,0,0
6679,6679,0,168,0,0,655,169,0,2
6680,6680,0,168,0,0,655,169,0,2
6681,6681,0,168,0,0,655,169,0,2
6682,6682,0,168,0,0,655,169,0,7
6683,6683,0,168,0,0,655,169,0,7
6684,6684,0,168,0,0,655,169,0,7
6685,6685,0,168,0,0,655,169,0,2
6686,6686,0,168,0,0,655,169,0,2
6687,6687,0,168,0,0,655,169,0,2
6688,6688,0,168,0,0,655,169,0,2
6689,6689,0,168,0,0,655,169,0,6
6690,6690,0,168,0,0,655,169,0,6
6691,6691,0,168,0,0,655,169,0,6
6692,6692,0,168,0,0,655,169,0,2
6693,6693,0,168,0,0,655,169,0,2
6694,6694,0,168,0,0,655,169,0,2
6695,6695,0,168,0,0,655,169,0,2
6696,6696,0,168,0,0,655,169,0,0
6697,6697,0,168,0,0,655,169,0,0
6698,6698,0,168,0,0,655,169,0,0
6699,6699,0,168,0,0,655,169,0,2
6700,6700,0,168,0,0,655,169,0,2
6701,6701,0,168,0,0,655,169,0,2
6702,6702,0,168,0,0,655,169,0,7
6703,6703,0,168,0,0,655,169,0,7
6704,6704,0,168,0,0,655,169,0,7
6705,6705,0,168,0,0,655,169,0,2
6706,6706,0,168,0,0,655,169,0,2
6707,6707,0,168,0,0,655,169,0,2
6708,6708,0,168,0,0,655,169,0,2
6709,6709,0,168,0,0,655,169,0,6
6710,6710,0,168,0,0,655,169,0,6
6711,6711,0,168,0,0,655,169,0,6
6712,6712,0,168,0,0,655,169,0,2
6713,6713,0,168,0,0,655,169,0,2
6714,6714,0,168,0,0,655,169,0,2
6715,6715,0,168,0,0,655,169,0,2
6716,6716,0,168,0,0,655,169,0,0
6717,6717,0,168,0,0,655,169,0,0
6718,6718,0,168,0,0,655,169,0,0
6719,6719,0,168,0,0,655,169,0,2
6720,6720,0,168,0,0,655,169,0,2
6721,6721,0,168,0,0,655,169,0,2
6722,6722,0,168,0,0,655,169,0,7
6723,6723,0,168,0,0,655,169,0,7
6724,6724,0,168,0,0,655,169,0,7
6725,6725,0,168,0,0,655,169,0,2
6726,6726,0,168,0,0,655,169,0,2
6727,6727,0,168,0,0,655,169,0,2
6728,6728,0,168,0,0,655,169,0,2
6729,6729,0,168,0,0,655,169,0,6
6730,6730,0,168,0,0,655,169,0,6
6731,6731,0,168,0,0,655,169,0,6
6732,6732,0,168,0,0,655,169,0,2
6733,6733,0,168,0,0,655,169,0,2
6734,6734,0,168,0,0,655,169,0,2
6735,6735,0,168,0,0,655,169,0,2
6736,6736,0,168,0,0,655,169,0,0
6737,6737,0,168,0,0,655,169,0,0
6738,6738,0,168,0,0,655,169,0,0
6739,6739,0,168,0,0,655,169,0,2
6740,6740,0,168,0,0,655,169,0,2
6741,6741,0,168,0,0,655,169,0,2
6742,6742,0,168,0,0,655,169,0,7
6743,6743,0,168,0,0,655,169,0,7
6744,6744,0,168,0,0,655,169,0,7
6745,6745,0,168,0,0,655,169,0,2
6746,6746,0,168,0,0,655,169,0,2
6747,6747,0,168,0,0,655,169,0,2
6748,6748,0,168,0,0,655,169,0,2
6749,6749,0,168,0,0,655,169,0,6
6750,6750,0,168,0,0,655,169,0,6
6751,6751,0,168,0,0,655,169,0,6
6752,6752,0,168,0,0,655,169,0,2
6753,6753,0,168,0,0,655,169,0,2
6754,6754,0,168,0,0,655,169,0,2
6755,6755,0,168,0,0,655,169,0,2
6756,6756,0,168,0,0,655,169,0,0
6757,6757,0,168,0,0,655,169,0,0
6758,6758,0,168,0,0,655,169,0,0
6759,6759,0,168,0,0,655,169,0,2
6760,6760,0,168,0,0,655,169,0,2
6761,6761,0,168,0,0,655,169,0,2
6762,6762,0,168,0,0,655,169,0,7
6763,6763,0,168,0,0,655,169,0,7
6764,6764,0,168,0,0,655,169,0,7
6765,6765,0,168,0,0,655,169,0,2
6766,6766,0,168,0,0,655,169,0,2
6767,6767,0,168,0,0,655,169,0,2
6768,6768,0,168,0,0,655,169,0,2
6769,6769,0,168,0,0,655,169,0,6
6770,6770,0,168,0,0,655,169,0,6
6771,6771,0,168,0,0,655,169,0,6
6772,6772,0,168,0,0,655,169,0,2
6773,6773,0,168,0,0,655,169,0,2
6774,6774,0,168,0,0,655,169,0,2
6775,6775,0,168,0,0,655,169,0,2
6776,6776,0,168,0,0,655,169,0,0
6777,6777,0,168,0,0,655,169,0,0
6778,6778,0,168,0,0,655,169,0,0
6779,6779,0,168,0,0,655,169,0,2
6780,6780,0,168,0,0,655,169,0,2
6781,6781,0,168,0,0,655,169,0,2
6782,6782,0,168,0,0,655,169,0,7
6783,6783,0,168,0,0,655,169,0,7
6784,6784,0,168,0,0,655,169,0,7
6785,6785,0,168,0,0,655,169,0,2
6786,6786,0,168,0,0,655,169,0,2
6787,6787,0,168,0,0,655,169,0,2
6788,6788,0,168,0,0,655,169,0,2
6789,6789,0,168,0,0,655,169,0,6
6790,6790,0,168,0,0,655,169,0,6
6791,6791,0,168,0,0,655,169,0,6
6792,6792,0,168,0,0,655,169,0,2
6793,6793,0,168,0,0,655,169,0,2
6794,6794,0,168,0,0,655,169,0,2
6795,6795,0,168,0,0,655,169,0,2
6796,6796,0,168,0,0,655,169,0,0
6797,6797,0,168,0,0,655,169,0,0
6798,6798,0,168,0,0,655,169,0,0
6799,6799,0,168,0,0,655,169,0,2
6800,6800,0,168,0,0,655,169,0,2
6801,6801,0,168,0,0,655,169,0,2
6802,6802,0,168,0,0,655,169,0,7
6803,6803,0,168,0,0,655,169,0,7
6804,6804,0,168,0,0,655,169,0,7
6805,6805,0,168,0,0,655,169,0,2
6806,6806,0,168,0,0,655,169,0,2
6807,6807,0,168,0,0,655,169,0,2
6808,6808,0,168,0,0,655,169,0,2
6809,6809,0,168,0,0,655,169,0,6
6810,6810,0,168,0,0,655,169,0,6
6811,6811,0,168,0,0,655,169,0,6
6812,6812,0,168,0,0,655,169,0,2
6813,6813,0,168,0,0,655,169,0,2
6814,6814,0,168,0,0,655,169,0,2
6815,6815,0,168,0,0,655,169,0,2
6816,6816,0,168,0,0,655,169,0,0
6817,6817,0,168,0,0,655,169,0,0
6818,6818,0,168,0,0,655,169,0,0
6819,6819,0,168,0,0,655,169,0,2
6820,6820,0,168,0,0,655,169,0,2
6821,6821,0,168,0,0,655,169,0,2
6822,6822,0,168,0,0,655,169,0,7
6823,6823,0,168,0,0,655,169,0,7
6824,6824,0,168,0,0,655,169,0,7
6825,6825,0,168,0,0,655,169,0,2
6826,6826,0,168,0,0,655,169,0,2
6827,6827,0,168,0,0,655,169,0,2
6828,6828,0,168,0,0,655,169,0,2
6829,6829,0,168,0,0,655,169,0,6
6830,6830,0,168,0,0,655,169,0,6
6831,6831,0,168,0,0,655,169,0,6
6832,6832,0,168,0,0,655,169,0,2
6833,6833,0,168,0,0,655,169,0,2
6834,6834,0,168,0,0,655,169,0,2
6835,6835,0,168,0,0,655,169,0,2
6836,6836,0,168,0,0,655,169,0,0
6837,6837,0,168,0,0,655,169,0,0
6838,6838,0,168,0,0,655,169,0,0
6839,6839,0,168,0,0,655,169,0,2
6840,6840,0,168,0,0,655,169,0,2
6841,6841,0,168,0,0,655,169,0,2
6842,6842,0,168,0,0,655,169,0,7
6843,6843,0,168,0,0,655,169,0,7
6844,6844,0,168,0,0,655,169,0,7
6845,6845,0,168,0,0,655,169,0,2
6846,6846,0,168,0,0,655,169,0,2
6847,6847,0,168,0,0,655,169,0,2
6848,6848,0,168,0,0,655,169,0,2
6849,6849,0,168,0,0,655,169,0,6
6850,6850,0,168,0,0,655,169,0,6
6851,6851,0,168,0,0,655,169,0,6
6852,6852,0,168,0,0,655,169,0,2
6853,6853,0,168,0,0,655,169,0,2
6854,6854,0,168,0,0,655,169,0,2
6855,6855,0,168,0,0,655,169,0,2
6856,6856,0,168,0,0,655,169,0,0
6857,6857,0,168,0,0,655,169,0,0
6858,6858,0,168,0,0,655,169,0,0
6859,6859,0,168,0,0,655,169,0,2
6860,6860,0,168,0,0,655,169,0,2
6861,6861,0,168,0,0,655,169,0,2
6862,6862,0,168,0,0,655,169,0,7
6863,6863,0,168,0,0,655,169,0,7
6864,6864,0,168,0,0,655,169,0,7
6865,6865,0,168,0,0,655,169,0,2
6866,6866,0,168,0,0,655,169,0,2
6867,6867,0,168,0,0,655,169,0,2
6868,6868,0,168,0,0,655,169,0,2
6869,6869,0,168,0,0,655,169,0,6
6870,6870,0,168,0,0,655,169,0,6
6871,6871,0,168,0,0,655,169,0,6
6872,6872,0,168,0,0,655,169,0,2
6873,6873,0,168,0,0,655,169,0,2
6874,6874,0,168,0,0,655,169,0,2
6875,6875,0,168,0,0,655,169,0,2
6876,6876,0,168,0,0,655,169,0,0
6877,6877,0,168,0,0,655,169,0,0
6878,6878,0,168,0,0,655,169,0,0
6879,6879,0,168,0,0,655,169,0,2
6880,6880,0,168,0,0,655,169,0,2
6881,6881,0,168,0,0,655,169,0,2
6882,6882,0,168,0,0,655,169,0,7
6883,6883,0,168,0,0,655,169,0,7
6884,6884,0,168,0,0,655,169,0,7
6885,6885,0,168,0,0,655,169,0,2
6886,6886,0,168,0,0,655,169,0,2
6887,6887,0,168,0,0,655,169,0,2
6888,6888,0,168,0,0,655,169,0,2
6889,6889,0,168,0,0,655,169,0,6
6890,6890,0,168,0,0,655,169,0,6
6891,6891,0,168,0,0,655,169,0,6
6892,6892,0,168,0,0,655,169,0,2
6893,6893,0,168,0,0,655,169,0,2
6894,6894,0,168,0,0,655,169,0,2
6895,6895,0,168,0,0,655,169,0,2
6896,6896,0,168,0,0,655,169,0,0
6897,6897,0,168,0,0,655,169,0,0
6898,6898,0,168,0,0,655,169,0,0
6899,6899,0,168,0,0,655,169,0,2
6900,6900,0,168,0,0,655,169,0,2
6901,6901,0,168,0,0,655,169,0,2
6902,6902,0,168,0,0,655,169,0,7
6903,6903,0,168,0,0,655,169,0,7
6904,6904,0,168,0,0,655,169,0,7
6905,6905,0,168,0,0,655,169,0,2
6906,6906,0,168,0,0,655,169,0,2
6907,6907,0,168,0,0,655,169,0,2
6908,6908,0,168,0,0,655,169,0,2
6909,6909,0,168,0,0,655,169,0,6
6910,6910,0,168,0,0,655,169,0,6
6911,6911,0,168,0,0,655,169,0,6
6912,6912,0,168,0,0,655,169,0,2
6913,6913,0,168,0,0,655,169,0,2
6914,6914,0,168,0,0,655,169,0,2
6915,6915,0,168,0,0,655,169,0,2
6916,6916,0,168,0,0,655,169,0,0
6917,6917,0,168,0,0,655,169,0,0
6918,6918,0,168,0,0,655,169,0,0
6919,6919,0,168,0,0,655,169,0,2
6920,6920,0,168,0,0,655,169,0,2
6921,6921,0,168,0,0,655,169,0,2
6922,6922,0,168,0,0,655,169,0,7
6923,6923,0,168,0,0,655,169,0,7
6924,6924,0,168,0,0,655,169,0,7
6925,6925,0,168,0,0,655,169,0,2
6926,6926,0,168,0,0,655,169,0,2
6927,6927,0,168,0,0,655,169,0,2
6928,6928,0,168,0,0,655,169,0,2
6929,6929,0,168,0,0,655,169,0,6
6930,6930,0,168,0,0,655,169,0,6
6931,6931,0,168,0,0,655,169,0,6
6932,6932,0,168,0,0,655,169,0,2
6933,6933,0,168,0,0,655,169,0,2
6934,6934,0,168,0,0,655,169,0,2
6935,6935,0,168,0,0,655,169,0,2
6936,6936,0,168,0,0,655,169,0,0
6937,6937,0,168,0,0,655,169,0,0
6938,6938,0,168,0,0,655,169,0,0
6939,6939,0,168,0,0,655,169,0,2
6940,6940,0,168,0,0,655,169,0,2
6941,6941,0,168,0,0,655,169,0,2
6942,6942,0,168,0,0,655,169,0,7
6943,6943,0,168,0,0,655,169,0,7
6944,6944,0,168,0,0,655,169,0,7
6945,6945,0,168,0,0,655,169,0,2
6946,6946,0,168,0,0,655,169,0,2
6947,6947,0,168,0,0,655,169,0,2
6948,6948,0,168,0,0,655,169,0,2
6949,6949,0,168,0,0,655,169,0,6
6950,6950,0,168,0,0,655,169,0,6
6951,6951,0,168,0,0,655,169,0,6
6952,6952,0,168,0,0,655,169,0,2
6953,6953,0,168,0,0,655,169,0,2
6954,6954,0,168,0,0,655,169,0,2
6955,6955,0,168,0,0,655,169,0,2
6956,6956,0,168,0,0,655,169,0,0
6957,6957,0,168,0,0,655,169,0,0
6958,6958,0,168,0,0,655,169,0,0
6959,6959,0,168,0,0,655,169,0,2
6960,6960,0,168,0,0,655,169,0,2
6961,6961,0,168,0,0,655,169,0,2
6962,6962,0,168,0,0,655,169,0,7
6963,6963,0,168,0,0,655,169,0,7
6964,6964,0,168,0,0,655,169,0,7
6965,6965,0,168,0,0,655,169,0,2
6966,6966,0,168,0,0,655,169,0,2
6967,6967,0,168,0,0,655,169,0,2
6968,6968,0,168,0,0,655,169,0,2
6969,6969,0,168,0,0,655,169,0,6
6970,6970,0,168,0,0,655,169,0,6
6971,6971,0,168,0,0,655,169,0,6
6972,6972,0,168,0,0,655,169,0,2
6973,6973,0,168,0,0,655,169,0,2
6974,6974,0,168,0,0,655,169,0,2
6975,6975,0,168,0,0,655,169,0,2
6976,6976,0,168,0,0,655,169,0,0
6977,6977,0,168,0,0,655,169,0,0
6978,6978,0,168,0,0,655,169,0,0
6979,6979,0,168,0,0,655,169,0,2
6980,6980,0,168,0,0,655,169,0,2
6981,6981,0,168,0,0,655,169,0,2
6982,6982,0,168,0,0,655,169,0,7
6983,6983,0,168,0,0,655,169,0,7
6984,6984,0,168,0,0,655,169,0,7
6985,6985,0,168,0,0,655,169,0,2
6986,6986,0,168,0,0,655,169,0,2
6987,6987,0,168,0,0,655,169,0,2
6988,6988,0,168,0,0,655,169,0,2
6989,6989,0,168,0,0,655,169,0,6
6990,6990,0,168,0,0,655,169,0,6
6991,6991,0,168,0,0,655,169,0,6
6992,6992,0,168,0,0,655,169,0,2
6993,6993,0,168,0,0,655,169,0,2
6994,6994,0,168,0,0,655,169,0,2
6995,6995,0,168,0,0,655,169,0,2
6996,6996,0,168,0,0,655,169,0,0
6997,6997,0,168,0,0,655,169,0,0
6998,6998,0,168,0,0,655,169,0,0
6999,6999,0,168,0,0,655,169,0,2
7000,7000,0,168,0,0,655,169,0,2
7001,7001,0,168,0,0,655,169,0,2
7002,7002,0,168,0,0,655,169,0,7
7003,7003,0,168,0,0,655,169,0,7
7004,7004,0,168,0,0,655,169,0,7
7005,7005,0,168,0,0,655,169,0,2
7006,7006,0,168,0,0,655,169,0,2
7007,7007,0,168,0,0,655,169,0,2
7008,7008,0,168,0,0,655,169,0,2
7009,7009,0,168,0,0,655,169,0,6
7010,7010,0,168,0,0,655,169,0,6
7011,7011,0,168,0,0,655,169,0,6
7012,7012,0,168,0,0,655,169,0,2
7013,7013,0,168,0,0,655,169,0,2
7014,7014,0,168,0,0,655,169,0,2
7015,7015,0,168,0,0,655,169,0,2
7016,7016,0,168,0,0,655,169,0,0
7017,7017,0,168,0,0,655,169,0,0
7018,7018,0,168,0,0,655,169,0,0
7019,7019,0,168,0,0,655,169,0,2
7020,7020,0,168,0,0,655,169,0,2
7021,7021,0,168,0,0,655,169,0,2
7022,7022,0,168,0,0,655,169,0,7
7023,7023,0,168,0,0,655,169,0,7
7024,7024,0,168,0,0,655,169,0,7
7025,7025,0,168,0,0,655,169,0,2
7026,7026,0,168,0,0,655,169,0,2
7027,7027,0,168,0,0,655,169,0,2
7028,7028,0,168,0,0,655,169,0,2
7029,7029,0,168,0,0,655,169,0,6
7030,7030,0,168,0,0,655,169,0,6
7031,7031,0,168,0,0,655,169,0,6
7032,7032,0,168,0,0,655,169,0,2
7033,7033,0,168,0,0,655,169,0,2
7034,7034,0,168,0,0,655,169,0,2
7035,7035,0,168,0,0,655,169,0,2
7036,7036,0,168,0,0,655,169,0,0
7037,7037,0,168,0,0,655,169,0,0
7038,7038,0,168,0,0,655,169,0,0
7039,7039,0,168,0,0,655,169,0,2
7040,7040,0,168,0,0,655,169,0,2
7041,7041,0,168,0,0,655,169,0,2
7042,7042,0,168,0,0,655,169,0,7
7043,7043,0,168,0,0,655,169,0,7
7044,7044,0,168,0,0,655,169,0,7
7045,7045,0,168,0,0,655,169,0,2
7046,7046,0,168,0,0,655,169,0,2
7047,7047,0,168,0,0,655,169,0,2
7048,7048,0,168,0,0,655,169,0,2
7049,7049,0,168,0,0,655,169,0,6
7050,7050,0,168,0,0,655,169,0,6
7051,7051,0,168,0,0,655,169,0,6
7052,7052,0,168,0,0,655,169,0,2
7053,7053,0,168,0,0,655,169,0,2
7054,7054,0,168,0,0,655,169,0,2
7055,7055,0,168,0,0,655,169,0,2
7056,7056,0,168,0,0,655,169,0,0
7057,7057,0,168,0,0,655,169,0,0
7058,7058,0,168,0,0,655,169,0,0
7059,7059,0,168,0,0,655,169,0,2
7060,7060,0,168,0,0,655,169,0,2
7061,7061,0,168,0,0,655,169,0,2
7062,7062,0,168,0,0,655,169,0,7
7063,7063,0,168,0,0,655,169,0,7
7064,7064,0,168,0,0,655,169,0,7
7065,7065,0,168,0,0,655,169,0,2
7066,7066,0,168,0,0,655,169,0,2
7067,7067,0,168,0,0,655,169,0,2
7068,7068,0,168,0,0,655,169,0,2
7069,7069,0,168,0,0,655,169,0,6
7070,7070,0,168,0,0,655,169,0,6
7071,7071,0,168,0,0,655,169,0,6
7072,7072,0,168,0,0,655,169,0,2
7073,7073,0,168,0,0,655,169,0,2
7074,7074,0,168,0,0,655,169,0,2
7075,7075,0,168,0,0,655,169,0,2
7076,7076,0,168,0,0,655,169,0,0
7077,7077,0,168,0,0,655,169,0,0
7078,7078,0,168,0,0,655,169,0,0
7079,7079,0,168,0,0,655,169,0,2
7080,7080,0,168,0,0,655,169,0,2
7081,7081,0,168,0,0,655,169,0,2
7082,7082,0,168,0,0,655,169,0,7
7083,7083,0,168,0,0,655,169,0,7
7084,7084,0,168,0,0,655,169,0,7
7085,7085,0,168,0,0,655,169,0,2
7086,7086,0,168,0,0,655,169,0,2
7087,7087,0,168,0,0,655,169,0,2
7088,7088,0,168,0,0,655,169,0,2
7089,7089,0,168,0,0,655,169,0,6
7090,7090,0,168,0,0,655,169,0,6
7091,7091,0,168,0,0,655,169,0,6
7092,7092,0,168,0,0,655,169,0,2
7093,7093,0,168,0,0,655,169,0,2
7094,7094,0,168,0,0,655,169,0,2
7095,7095,0,168,0,0,655,169,0,2
7096,7096,0,168,0,0,655,169,0,0
7097,7097,0,168,0,0,655,169,0,0
7098,7098,0,168,0,0,655,169,0,0
7099,7099,0,168,0,0,655,169,0,2
7100,7100,0,168,0,0,655,169,0,2
7101,7101,0,168,0,0,655,169,0,2
7102,7102,0,168,0,0,655,169,0,7
7103,7103,0,168,0,0,655,169,0,7
7104,7104,0,168,0,0,655,169,0,7
7105,7105,0,168,0,0,655,169,0,2
7106,7106,0,168,0,0,655,169,0,2
7107,7107,0,168,0,0,655,169,0,2
7108,7108,0,168,0,0,655,169,0,2
7109,7109,0,168,0,0,655,169,0,6
7110,7110,0,168,0,0,655,169,0,6
7111,7111,0,168,0,0,655,169,0,6
7112,7112,0,168,0,0,655,169,0,2
7113,7113,0,168,0,0,655,169,0,2
7114,7114,0,168,0,0,655,169,0,2
7115,7115,0,168,0,0,655,169,0,2
7116,7116,0,168,0,0,655,169,0,0
7117,7117,0,168,0,0,655,169,0,0
7118,7118,0,168,0,0,655,169,0,0
7119,7119,0,168,0,0,655,169,0,2
7120,7120,0,168,0,0,655,169,0,2
7121,7121,0,168,0,0,655,169,0,2
7122,7122,0,168,0,0,655,169,0,7
7123,7123,0,168,0,0,655,169,0,7
7124,7124,0,168,0,0,655,169,0,7
7125,7125,0,168,0,0,655,169,0,2
7126,7126,0,168,0,0,655,169,0,2
7127,7127,0,168,0,0,655,169,0,2
7128,7128,0,168,0,0,655,169,0,2
7129,7129,0,168,0,0,655,169,0,6
7130,7130,0,168,0,0,655,169,0,6
7131,7131,0,168,0,0,655,169,0,6
7132,7132,0,168,0,0,655,169,0,2
7133,7133,0,168,0,0,655,169,0,2
7134,7134,0,168,0,0,655,169,0,2
7135,7135,0,168,0,0,655,169,0,2
7136,7136,0,168,0,0,655,169,0,0
7137,7137,0,168,0,0,655,169,0,0
7138,7138,0,168,0,0,655,169,0,0
7139,7139,0,168,0,0,655,169,0,2
7140,7140,0,168,0,0,655,169,0,2
7141,7141,0,168,0,0,655,169,0,2
7142,7142,0,168,0,0,655,169,0,7
7143,7143,0,168,0,0,655,169,0,7
7144,7144,0,168,0,0,655,169,0,7
7145,7145,0,168,0,0,655,169,0,2
7146,7146,0,168,0,0,655,169,0,2
7147,7147,0,168,0,0,655,169,0,2
7148,7148,0,168,0,0,655,169,0,2
7149,7149,0,168,0,0,655,169,0,6
7150,7150,0,168,0,0,655,169,0,6
7151,7151,0,168,0,0,655,169,0,6
7152,7152,0,168,0,0,655,169,0,2
7153,7153,0,168,0,0,655,169,0,2
7154,7154,0,168,0,0,655,169,0,2
7155,7155,0,168,0,0,655,169,0,2
7156,7156,0,168,0,0,655,169,0,0
7157,7157,0,168,0,0,655,169,0,0
7158,7158,0,168,0,0,655,169,0,0
7159,7159,0,168,0,0,655,169,0,2
7160,7160,0,168,0,0,655,169,0,2
7161,7161,0,168,0,0,655,169,0,2
7162,7162,0,168,0,0,655,169,0,7
7163,7163,0,168,0,0,655,169,0,7
7164,7164,0,168,0,0,655,169,0,7
7165,7165,0,168,0,0,655,169,0,2
7166,7166,0,168,0,0,655,169,0,2
7167,7167,0,168,0,0,655,169,0,2
7168,7168,0,168,0,0,655,169,0,2
7169,7169,0,168,0,0,655,169,0,6
7170,7170,0,168,0,0,655,169,0,6
7171,7171,0,168,0,0,655,169,0,6
7172,7172,0,168,0,0,655,169,0,2
7173,7173,0,168,0,0,655,169,0,2
7174,7174,0,168,0,0,655,169,0,2
7175,7175,0,168,0,0,655,169,0,2
7176,7176,0,168,0,0,655,169,0,0
7177,7177,0,168,0,0,655,169,0,0
7178,7178,0,168,0,0,655,169,0,0
7179,7179,0,168,0,0,655,169,0,2
7180,7180,0,168,0,0,655,169,0,2
7181,7181,0,168,0,0,655,169,0,2
7182,7182,0,168,0,0,655,169,0,7
7183,7183,0,168,0,0,655,169,0,7
7184,7184,0,168,0,0,655,169,0,7
7185,7185,0,168,0,0,655,169,0,2
7186,7186,0,168,0,0,655,169,0,2
7187,7187,0,168,0,0,655,169,0,2
7188,7188,0,168,0,0,655,169,0,2
7189,7189,0,168,0,0,655,169,0,6
7190,7190,0,168,0,0,655,169,0,6
7191,7191,0,168,0,0,655,169,0,6
7192,7192,0,168,0,0,655,169,0,2
7193,7193,0,168,0,0,655,169,0,2
7194,7194,0,168,0,0,655,169,0,2
7195,7195,0,168,0,0,655,169,0,2
7196,7196,0,168,0,0,655,169,0,0
7197,7197,0,168,0,0,655,169,0,0
7198,7198,0,168,0,0,655,169,0,0
7199,7199,0,168,0,0,655,169,0,2
7200,7200,0,168,0,0,655,169,0,2
7201,7201,0,168,0,0,655,169,0,2
7202,7202,0,168,0,0,655,169,0,7
7203,7203,0,168,0,0,655,169,0,7
7204,7204,0,168,0,0,655,169,0,7
7205,7205,0,168,0,0,655,169,0,2
7206,7206,0,168,0,0,655,169,0,2
7207,7207,0,168,0,0,655,169,0,2
7208,7208,0,168,0,0,655,169,0,2
7209,7209,0,168,0,0,655,169,0,6
7210,7210,0,168,0,0,655,169,0,6
7211,7211,0,168,0,0,655,169,0,6
7212,7212,0,168,0,0,655,169,0,2
7213,7213,0,168,0,0,655,169,0,2
7214,7214,0,168,0,0,655,169,0,2
7215,7215,0,168,0,0,655,169,0,2
7216,7216,0,168,0,0,655,169,0,0
7217,7217,0,168,0,0,655,169,0,0
7218,7218,0,168,0,0,655,169,0,0
7219,7219,0,168,0,0,655,169,0,2
7220,7220,0,168,0,0,655,169,0,2
7221,7221,0,168,0,0,655,169,0,2
7222,7222,0,168,0,0,655,169,0,7
7223,7223,0,168,0,0,655,169,0,7
7224,7224,0,168,0,0,655,169,0,7
7225,7225,0,168,0,0,655,169,0,2
7226,7226,0,168,0,0,655,169,0,2
7227,7227,0,168,0,0,655,169,0,2
7228,7228,0,168,0,0,655,169,0,2
7229,7229,0,168,0,0,655,169,0,6
7230,7230,0,168,0,0,655,169,0,6
7231,7231,0,168,0,0,655,169,0,6
7232,7232,0,168,0,0,655,169,0,2
7233,7233,0,168,0,0,655,169,0,2
7234,7234,0,168,0,0,655,169,0,2
7235,7235,0,168,0,0,655,169,0,2
7236,7236,0,168,0,0,655,169,0,0
7237,7237,0,168,0,0,655,169,0,0
7238,7238,0,168,0,0,655,169,0,0
7239,7239,0,168,0,0,655,169,0,2
7240,7240,0,168,0,0,655,169,0,2
7241,7241,0,168,0,0,655,169,0,2
7242,7242,0,168,0,0,655,169,0,7
7243,7243,0,168,0,0,655,169,0,7
7244,7244,0,168,0,0,655,169,0,7
7245,7245,0,168,0,0,655,169,0,2
7246,7246,0,168,0,0,655,169,0,2
7247,7247,0,168,0,0,655,169,0,2
7248,7248,0,168,0,0,655,169,0,2
7249,7249,0,168,0,0,655,169,0,6
7250,7250,0,168,0,0,655,169,0,6
7251,7251,0,168,0,0,655,169,0,6
7252,7252,0,168,0,0,655,169,0,2
7253,7253,0,168,0,0,655,169,0,2
7254,7254,0,168,0,0,655,169,0,2
7255,7255,0,168,0,0,655,169,0,2
7256,7256,0,168,0,0,655,169,0,0
7257,7257,0,168,0,0,655,169,0,0
7258,7258,0,168,0,0,655,169,0,0
7259,7259,0,168,0,0,655,169,0,2
7260,7260,0,168,0,0,655,169,0,2
7261,7261,0,168,0,0,655,169,0,2
7262,7262,0,168,0,0,655,169,0,7
7263,7263,0,168,0,0,655,169,0,7
7264,7264,0,168,0,0,655,169,0,7
7265,7265,0,168,0,0,655,169,0,2
7266,7266,0,168,0,0,655,169,0,2
7267,7267,0,168,0,0,655,169,0,2
7268,7268,0,168,0,0,655,169,0,2
7269,7269,0,168,0,0,655,169,0,6
7270,7270,0,168,0,0,655,169,0,6
7271,7271,0,168,0,0,655,169,0,6
7272,7272,0,168,0,0,655,169,0,2
7273,7273,0,168,0,0,655,169,0,2
7274,7274,0,168,0,0,655,169,0,2
7275,7275,0,168,0,0,655,169,0,2
7276,7276,0,168,0,0,655,169,0,0
7277,7277,0,168,0,0,655,169,0,0
7278,7278,0,168,0,0,655,169,0,0
7279,7279,0,168,0,0,655,169,0,2
7280,7280,0,168,0,0,655,169,0,2
7281,7281,0,168,0,0,655,169,0,2
7282,7282,0,168,0,0,655,169,0,7
7283,7283,0,168,0,0,655,169,0,7
7284,7284,0,168,0,0,655,169,0,7
7285,7285,0,168,0,0,655,169,0,2
7286,7286,0,168,0,0,655,169,0,2
7287,7287,0,168,0,0,655,169,0,2
7288,7288,0,168,0,0,655,169,0,2
7289,7289,0,168,0,0,655,169,0,6
7290,7290,0,168,0,0,655,169,0,6
7291,7291,0,168,0,0,655,169,0,6
7292,7292,0,168,0,0,655,169,0,2
7293,7293,0,168,0,0,655,169,0,2
7294,7294,0,168,0,0,655,169,0,2
7295,7295,0,168,0,0,655,169,0,2
7296,7296,0,168,0,0,655,169,0,0
7297,7297,0,168,0,0,655,169,0,0
7298,7298,0,168,0,0,655,169,0,0
7299,7299,0,168,0,0,655,169,0,2
7300,7300,0,168,0,0,655,169,0,2
7301,7301,0,168,0,0,655,169,0,2
7302,7302,0,168,0,0,655,169,0,7
7303,7303,0,168,0,0,655,169,0,7
7304,7304,0,168,0,0,655,169,0,7
7305,7305,0,168,0,0,655,169,0,2
7306,7306,0,168,0,0,655,169,0,2
7307,7307,0,168,0,0,655,169,0,2
7308,7308,0,168,0,0,655,169,0,2
7309,7309,0,168,0,0,655,169,0,6
7310,7310,0,168,0,0,655,169,0,6
7311,7311,0,168,0,0,655,169,0,6
7312,7312,0,168,0,0,655,169,0,2
7313,7313,0,168,0,0,655,169,0,2
7314,7314,0,168,0,0,655,169,0,2
7315,7315,0,168,0,0,655,169,0,2
7316,7316,0,168,0,0,655,169,0,0
7317,7317,0,168,0,0,655,169,0,0
7318,7318,0,168,0,0,655,169,0,0
7319,7319,0,168,0,0,655,169,0,2
7320,7320,0,168,0,0,655,169,0,2
7321,7321,0,168,0,0,655,169,0,2
7322,7322,0,168,0,0,655,169,0,7
7323,7323,0,168,0,0,655,169,0,7
7324,7324,0,168,0,0,655,169,0,7
7325,7325,0,168,0,0,655,169,0,2
7326,7326,0,168,0,0,655,169,0,2
7327,7327,0,168,0,0,655,169,0,2
7328,7328,0,168,0,0,655,169,0,2
7329,7329,0,168,0,0,655,169,0,6
7330,7330,0,168,0,0,655,169,0,6
7331,7331,0,168,0,0,655,169,0,6
7332,7332,0,168,0,0,655,169,0,2
7333,7333,0,168,0,0,655,169,0,2
7334,7334,0,168,0,0,655,169,0,2
7335,7335,0,168,0,0,655,169,0,2
7336,7336,0,168,0,0,655,169,0,0
7337,7337,0,168,0,0,655,169,0,0
7338,7338,0,168,0,0,655,169,0,0
7339,7339,0,168,0,0,655,169,0,2
7340,7340,0,168,0,0,655,169,0,2
7341,7341,0,168,0,0,655,169,0,2
7342,7342,0,168,0,0,655,169,0,7
7343,7343,0,168,0,0,655,169,0,7
7344,7344,0,168,0,0,655,169,0,7
7345,7345,0,168,0,0,655,169,0,2
7346,7346,0,168,0,0,655,169,0,2
7347,7347,0,168,0,0,655,169,0,2
7348,7348,0,168,0,0,655,169,0,2
7349,7349,0,168,0,0,655,169,0,6
7350,7350,0,168,0,0,655,169,0,6
7351,7351,0,168,0,0,655,169,0,6
7352,7352,0,168,0,0,655,169,0,2
7353,7353,0,168,0,0,655,169,0,2
7354,7354,0,168,0,0,655,169,0,2
7355,7355,0,168,0,0,655,169,0,2
7356,7356,0,168,0,0,655,169,0,0
7357,7357,0,168,0,0,655,169,0,0
7358,7358,0,168,0,0,655,169,0,0
7359,7359,0,168,0,0,655,169,0,2
7360,7360,0,168,0,0,655,169,0,2
7361,7361,0,168,0,0,655,169,0,2
7362,7362,0,168,0,0,655,169,0,7
7363,7363,0,168,0,0,655,169,0,7
7364,7364,0,168,0,0,655,169,0,7
7365,7365,0,168,0,0,655,169,0,2
7366,7366,0,168,0,0,655,169,0,2
7367,7367,0,168,0,0,655,169,0,2
7368,7368,0,168,0,0,655,169,0,2
7369,7369,0,168,0,0,655,169,0,6
7370,7370,0,168,0,0,655,169,0,6
7371,7371,0,168,0,0,655,169,0,6
7372,7372,0,168,0,0,655,169,0,2
7373,7373,0,168,0,0,655,169,0,2
7374,7374,0,168,0,0,655,169,0,2
7375,7375,0,168,0,0,655,169,0,2
7376,7376,0,168,0,0,655,169,0,0
7377,7377,0,168,0,0,655,169,0,0
7378,7378,0,168,0,0,655,169,0,0
7379,7379,0,168,0,0,655,169,0,2
7380,7380,0,168,0,0,655,169,0,2
7381,7381,0,168,0,0,655,169,0,2
7382,7382,0,168,0,0,655,169,0,7
7383,7383,0,168,0,0,655,169,0,7
7384,7384,0,168,0,0,655,169,0,7
7385,7385,0,168,0,0,655,169,0,2
7386,7386,0,168,0,0,655,169,0,2
7387,7387,0,168,0,0,655,169,0,2
7388,7388,0,168,0,0,655,169,0,2
7389,7389,0,168,0,0,655,169,0,6
7390,7390,0,168,0,0,655,169,0,6
7391,7391,0,168,0,0,655,169,0,6
7392,7392,0,168,0,0,655,169,0,2
7393,7393,0,168,0,0,655,169,0,2
7394,7394,0,168,0,0,655,169,0,2
7395,7395,0,168,0,0,655,169,0,2
7396,7396,0,168,0,0,655,169,0,0
7397,7397,0,168,0,0,655,169,0,0
7398,7398,0,168,0,0,655,169,0,0
7399,7399,0,168,0,0,655,169,0,2
7400,7400,0,168,0,0,655,169,0,2
7401,7401,0,168,0,0,655,169,0,2
7402,7402,0,168,0,0,655,169,0,7
7403,7403,0,168,0,0,655,169,0,7
7404,7404,0,168,0,0,655,169,0,7
7405,7405,0,168,0,0,655,169,0,2
7406,7406,0,168,0,0,655,169,0,2
7407,7407,0,168,0,0,655,169,0,2
7408,7408,0,168,0,0,655,169,0,2
7409,7409,0,168,0,0,655,169,0,6
7410,7410,0,168,0,0,655,169,0,6
7411,7411,0,168,0,0,655,169,0,6
7412,7412,0,168,0,0,655,169,0,2
7413,7413,0,168,0,0,655,169,0,2
7414,7414,0,168,0,0,655,169,0,2
7415,7415,0,168,0,0,655,169,0,2
7416,7416,0,168,0,0,655,169,0,0
7417,7417,0,168,0,0,655,169,0,0
7418,7418,0,168,0,0,655,169,0,0
7419,7419,0,168,0,0,655,169,0,2
7420,7420,0,168,0,0,655,169,0,2
7421,7421,0,168,0,0,655,169,0,2
7422,7422,0,168,0,0,655,169,0,7
7423,7423,0,168,0,0,655,169,0,7
7424,7424,0,168,0,0,655,169,0,7
7425,7425,0,168,0,0,655,169,0,2
7426,7426,0,168,0,0,655,169,0,2
7427,7427,0,168,0,0,655,169,0,2
7428,7428,0,168,0,0,655,169,0,2
7429,7429,0,168,0,0,655,169,0,6
7430,7430,0,168,0,0,655,169,0,6
7431,7431,0,168,0,0,655,169,0,6
7432,7432,0,168,0,0,655,169,0,2
7433,7433,0,168,0,0,655,169,0,2
7434,7434,0,168,0,0,655,169,0,2
7435,7435,0,168,0,0,655,169,0,2
7436,7436,0,168,0,0,655,169,0,0
7437,7437,0,168,0,0,655,169,0,0
7438,7438,0,168,0,0,655,169,0,0
7439,7439,0,168,0,0,655,169,0,2
7440,7440,0,168,0,0,655,169,0,2
7441,7441,0,168,0,0,655,169,0,2
7442,7442,0,168,0,0,655,169,0,7
7443,7443,0,168,0,0,655,169,0,7
7444,7444,0,168,0,0,655,169,0,7
7445,7445,0,168,0,0,655,169,0,2
7446,7446,0,168,0,0,655,169,0,2
7447,7447,0,168,0,0,655,169,0,2
7448,7448,0,168,0,0,655,169,0,2
7449,7449,0,168,0,0,655,169,0,6
7450,7450,0,168,0,0,655,169,0,6
7451,7451,0,168,0,0,655,169,0,6
7452,7452,0,168,0,0,655,169,0,2
7453,7453,0,168,0,0,655,169,0,2
7454,7454,0,168,0,0,655,169,0,2
7455,7455,0,168,0,0,655,169,0,2
7456,7456,0,168,0,0,655,169,0,0
7457,7457,0,168,0,0,655,169,0,0
7458,7458,0,168,0,0,655,169,0,0
7459,7459,0,168,0,0,655,169,0,2
7460,7460,0,168,0,0,655,169,0,2
7461,7461,0,168,0,0,655,169,0,2
7462,7462,0,168,0,0,655,169,0,7
7463,7463,0,168,0,0,655,169,0,7
7464,7464,0,168,0,0,655,169,0,7
7465,7465,0,168,0,0,655,169,0,2
7466,7466,0,168,0,0,655,169,0,2
7467,7467,0,168,0,0,655,169,0,2
7468,7468,0,168,0,0,655,169,0,2
7469,7469,0,168,0,0,655,169,0,6
7470,7470,0,168,0,0,655,169,0,6
7471,7471,0,168,0,0,655,169,0,6
7472,7472,0,168,0,0,655,169,0,2
7473,7473,0,168,0,0,655,169,0,2
7474,7474,0,168,0,0,655,169,0,2
7475,7475,0,168,0,0,655,169,0,2
7476,7476,0,168,0,0,655,169,0,0
7477,7477,0,168,0,0,655,169,0,0
7478,7478,0,168,0,0,655,169,0,0
7479,7479,0,168,0,0,655,169,0,2
7480,7480,0,168,0,0,655,169,0,2
7481,7481,0,168,0,0,655,169,0,2
7482,7482,0,168,0,0,655,169,0,7
7483,7483,0,168,0,0,655,169,0,7
7484,7484,0,168,0,0,655,169,0,7
7485,7485,0,168,0,0,655,169,0,2
7486,7486,0,168,0,0,655,169,0,2
7487,7487,0,168,0,0,655,169,0,2
7488,7488,0,168,0,0,655,169,0,2
7489,7489,0,168,0,0,655,169,0,6
7490,7490,0,168,0,0,655,169,0,6
7491,7491,0,168,0,0,655,169,0,6
7492,7492,0,168,0,0,655,169,0,2
7493,7493,0,168,0,0,655,169,0,2
7494,7494,0,168,0,0,655,169,0,2
7495,7495,0,168,0,0,655,169,0,2
7496,7496,0,168,0,0,655,169,0,0
7497,7497,0,168,0,0,655,169,0,0
7498,7498,0,168,0,0,655,169,0,0
7499,7499,0,168,0,0,655,169,0,2
7500,7500,0,168,0,0,655,169,0,2
7501,7501,0,168,0,0,655,169,0,2
7502,7502,0,168,0,0,655,169,0,7
7503,7503,0,168,0,0,655,169,0,7
7504,7504,0,168,0,0,655,169,0,7
7505,7505,0,168,0,0,655,169,0,2
7506,7506,0,168,0,0,655,169,0,2
7507,7507,0,168,0,0,655,169,0,2
7508,7508,0,168,0,0,655,169,0,2
7509,7509,0,168,0,0,655,169,0,6
7510,7510,0,168,0,0,655,169,0,6
7511,7511,0,168,0,0,655,169,0,6
7512,7512,0,168,0,0,655,169,0,2
7513,7513,0,168,0,0,655,169,0,2
7514,7514,0,168,0,0,655,169,0,2
7515,7515,0,168,0,0,655,169,0,2
7516,7516,0,168,0,0,655,169,0,0
7517,7517,0,168,0,0,655,169,0,0
7518,7518,0,168,0,0,655,169,0,0
7519,7519,0,168,0,0,655,169,0,2
7520,7520,0,168,0,0,655,169,0,2
7521,7521,0,168,0,0,655,169,0,2
7522,7522,0,168,0,0,655,169,0,7
7523,7523,0,168,0,0,655,169,0,7
7524,7524,0,168,0,0,655,169,0,7
7525,7525,0,168,0,0,655,169,0,2
7526,7526,0,168,0,0,655,169,0,2
7527,7527,0,168,0,0,655,169,0,2
7528,7528,0,168,0,0,655,169,0,2
7529,7529,0,168,0,0,655,169,0,6
7530,7530,0,168,0,0,655,169,0,6
7531,7531,0,168,0,0,655,169,0,6
7532,7532,0,168,0,0,655,169,0,2
7533,7533,0,168,0,0,655,169,0,2
7534,7534,0,168,0,0,655,169,0,2
7535,7535,0,168,0,0,655,169,0,2
7536,7536,0,168,0,0,655,169,0,0
7537,7537,0,168,0,0,655,169,0,0
7538,7538,0,168,0,0,655,169,0,0
7539,7539,0,168,0,0,655,169,0,2
7540,7540,0,168,0,0,655,169,0,2
7541,7541,0,168,0,0,655,169,0,2
7542,7542,0,168,0,0,655,169,0,7
7543,7543,0,168,0,0,655,169,0,7
7544,7544,0,168,0,0,655,169,0,7
7545,7545,0,168,0,0,655,169,0,2
7546,7546,0,168,0,0,655,169,0,2
7547,7547,0,168,0,0,655,169,0,2
7548,7548,0,168,0,0,655,169,0,2
7549,7549,0,168,0,0,655,169,0,6
7550,7550,0,168,0,0,655,169,0,6
7551,7551,0,168,0,0,655,169,0,6
7552,7552,0,168,0,0,655,169,0,2
7553,7553,0,168,0,0,655,169,0,2
7554,7554,0,168,0,0,655,169,0,2
7555,7555,0,168,0,0,655,169,0,2
7556,7556,0,168,0,0,655,169,0,0
7557,7557,0,168,0,0,655,169,0,0
7558,7558,0,168,0,0,655,169,0,0
7559,7559,0,168,0,0,655,169,0,2
7560,7560,0,168,0,0,655,169,0,2
7561,7561,0,168,0,0,655,169,0,2
7562,7562,0,168,0,0,655,169,0,7
7563,7563,0,168,0,0,655,169,0,7
7564,7564,0,168,0,0,655,169,0,7
7565,7565,0,168,0,0,655,169,0,2
7566,7566,0,168,0,0,655,169,0,2
7567,7567,0,168,0,0,655,169,0,2
7568,7568,0,168,0,0,655,169,0,2
7569,7569,0,168,0,0,655,169,0,6
7570,7570,0,168,0,0,655,169,0,6
7571,7571,0,168,0,0,655,169,0,6
7572,7572,0,168,0,0,655,169,0,2
7573,7573,0,168,0,0,655,169,0,2
7574,7574,0,168,0,0,655,169,0,2
7575,7575,0,168,0,0,655,169,0,2
7576,7576,0,168,0,0,655,169,0,0
7577,7577,0,168,0,0,655,169,0,0
7578,7578,0,168,0,0,655,169,0,0
7579,7579,0,168,0,0,655,169,0,2
7580,7580,0,168,0,0,655,169,0,2
7581,7581,0,168,0,0,655,169,0,2
7582,7582,0,168,0,0,655,169,0,7
7583,7583,0,168,0,0,655,169,0,7
7584,7584,0,168,0,0,655,169,0,7
7585,7585,0,168,0,0,655,169,0,2
7586,7586,0,168,0,0,655,169,0,2
7587,7587,0,168,0,0,655,169,0,2
7588,7588,0,168,0,0,655,169,0,2
7589,7589,0,168,0,0,655,169,0,6
7590,7590,0,168,0,0,655,169,0,6
7591,7591,0,168,0,0,655,169,0,6
7592,7592,0,168,0,0,655,169,0,2
7593,7593,0,168,0,0,655,169,0,2
7594,7594,0,168,0,0,655,169,0,2
7595,7595,0,168,0,0,655,169,0,2
7596,7596,0,168,0,0,655,169,0,0
7597,7597,0,168,0,0,655,169,0,0
7598,7598,0,168,0,0,655,169,0,0
7599,7599,0,168,0,0,655,169,0,2
7600,7600,0,168,0,0,655,169,0,2
7601,7601,0,168,0,0,655,169,0,2
7602,7602,0,168,0,0,655,169,0,7
7603,7603,0,168,0,0,655,169,0,7
7604,7604,0,168,0,0,655,169,0,7
7605,7605,0,168,0,0,655,169,0,2
7606,7606,0,168,0,0,655,169,0,2
7607,7607,0,168,0,0,655,169,0,2
7608,7608,0,168,0,0,655,169,0,2
7609,7609,0,168,0,0,655,169,0,6
7610,7610,0,168,0,0,655,169,0,6
7611,7611,0,168,0,0,655,169,0,6
7612,7612,0,168,0,0,655,169,0,2
7613,7613,0,168,0,0,655,169,0,2
7614,7614,0,168,0,0,655,169,0,2
7615,7615,0,168,0,0,655,169,0,2
7616,7616,0,168,0,0,655,169,0,0
7617,7617,0,168,0,0,655,169,0,0
7618,7618,0,168,0,0,655,169,0,0
7619,7619,0,168,0,0,655,169,0,2
7620,7620,0,168,0,0,655,169,0,2
7621,7621,0,168,0,0,655,169,0,2
7622,7622,0,168,0,0,655,169,0,7
7623,7623,0,168,0,0,655,169,0,7
7624,7624,0,168,0,0,655,169,0,7
7625,7625,0,168,0,0,655,169,0,2
7626,7626,0,168,0,0,655,169,0,2
7627,7627,0,168,0,0,655,169,0,2
7628,7628,0,168,0,0,655,169,0,2
7629,7629,0,168,0,0,655,169,0,6
7630,7630,0,168,0,0,655,169,0,6
7631,7631,0,168,0,0,655,169,0,6
7632,7632,0,168,0,0,655,169,0,2
7633,7633,0,168,0,0,655,169,0,2
7634,7634,0,168,0,0,655,169,0,2
7635,7635,0,168,0,0,655,169,0,2
7636,7636,0,168,0,0,655,169,0,0
7637,7637,0,168,0,0,655,169,0,0
7638,7638,0,168,0,0,655,169,0,0
7639,7639,0,168,0,0,655,169,0,2
7640,7640,0,168,0,0,655,169,0,2
7641,7641,0,168,0,0,655,169,0,2
7642,7642,0,168,0,0,655,169,0,7
7643,7643,0,168,0,0,655,169,0,7
7644,7644,0,168,0,0,655,169,0,7
7645,7645,0,168,0,0,655,169,0,2
7646,7646,0,168,0,0,655,169,0,2
7647,7647,0,168,0,0,655,169,0,2
7648,7648,0,168,0,0,655,169,0,2
7649,7649,0,168,0,0,655,169,0,6
7650,7650,0,168,0,0,655,169,0,6
7651,7651,0,168,0,0,655,169,0,6
7652,7652,0,168,0,0,655,169,0,2
7653,7653,0,168,0,0,655,169,0,2
7654,7654,0,168,0,0,655,169,0,2
7655,7655,0,168,0,0,655,169,0,2
7656,7656,0,168,0,0,655,169,0,0
7657,7657,0,168,0,0,655,169,0,0
7658,7658,0,168,0,0,655,169,0,0
7659,7659,0,168,0,0,655,169,0,2
7660,7660,0,168,0,0,655,169,0,2
7661,7661,0,168,0,0,655,169,0,2
7662,7662,0,168,0,0,655,169,0,7
7663,7663,0,168,0,0,655,169,0,7
7664,7664,0,168,0,0,655,169,0,7
7665,7665,0,168,0,0,655,169,0,2
7666,7666,0,168,0,0,655,169,0,2
7667,7667,0,168,0,0,655,169,0,2
7668,7668,0,168,0,0,655,169,0,2
7669,7669,0,168,0,0,655,169,0,6
7670,7670,0,168,0,0,655,169,0,6
7671,7671,0,168,0,0,655,169,0,6
7672,7672,0,168,0,0,655,169,0,2
7673,7673,0,168,0,0,655,169,0,2
7674,7674,0,168,0,0,655,169,0,2
7675,7675,0,168,0,0,655,169,0,2
7676,7676,0,168,0,0,655,169,0,0
7677,7677,0,168,0,0,655,169,0,0
7678,7678,0,168,0,0,655,169,0,0
7679,7679,0,168,0,0,655,169,0,2
7680,7680,0,168,0,0,655,169,0,2
7681,7681,0,168,0,0,655,169,0,2
7682,7682,0,168,0,0,655,169,0,7
7683,7683,0,168,0,0,655,169,0,7
7684,7684,0,168,0,0,655,169,0,7
7685,7685,0,168,0,0,655,169,0,2
7686,7686,0,168,0,0,655,169,0,2
7687,7687,0,168,0,0,655,169,0,2
7688,7688,0,168,0,0,655,169,0,2
7689,7689,0,168,0,0,655,169,0,6
7690,7690,0,168,0,0,655,169,0,6
7691,7691,0,168,0,0,655,169,0,6
7692,7692,0,168,0,0,655,169,0,2
7693,7693,0,168,0,0,655,169,0,2
7694,7694,0,168,0,0,655,169,0,2
7695,7695,0,168,0,0,655,169,0,2
7696,7696,0,168,0,0,655,169,0,0
7697,7697,0,168,0,0,655,169,0,0
7698,7698,0,168,0,0,655,169,0,0
7699,7699,0,168,0,0,655,169,0,2
7700,7700,0,168,0,0,655,169,0,2
7701,7701,0,168,0,0,655,169,0,2
7702,7702,0,168,0,0,655,169,0,7
7703,7703,0,168,0,0,655,169,0,7
7704,7704,0,168,0,0,655,169,0,7
7705,7705,0,168,0,0,655,169,0,2
7706,7706,0,168,0,0,655,169,0,2
7707,7707,0,168,0,0,655,169,0,2
7708,7708,0,168,0,0,655,169,0,2
7709,7709,0,168,0,0,655,169,0,6
7710,7710,0,168,0,0,655,169,0,6
7711,7711,0,168,0,0,655,169,0,6
7712,7712,0,168,0,0,655,169,0,2
7713,7713,0,168,0,0,655,169,0,2
7714,7714,0,168,0,0,655,169,0,2
7715,7715,0,168,0,0,655,169,0,2
7716,7716,0,168,0,0,655,169,0,0
7717,7717,0,168,0,0,655,169,0,0
7718,7718,0,168,0,0,655,169,0,0
7719,7719,0,168,0,0,655,169,0,2
7720,7720,0,168,0,0,655,169,0,2
7721,7721,0,168,0,0,655,169,0,2
7722,7722,0,168,0,0,655,169,0,7
7723,7723,0,168,0,0,655,169,0,7
7724,7724,0,168,0,0,655,169,0,7
7725,7725,0,168,0,0,655,169,0,2
7726,7726,0,168,0,0,655,169,0,2
7727,7727,0,168,0,0,655,169,0,2
7728,7728,0,168,0,0,655,169,0,2
7729,7729,0,168,0,0,655,169,0,6
7730,7730,0,168,0,0,655,169,0,6
7731,7731,0,168,0,0,655,169,0,6
7732,7732,0,168,0,0,655,169,0,2
7733,7733,0,168,0,0,655,169,0,2
7734,7734,0,168,0,0,655,169,0,2
7735,7735,0,168,0,0,655,169,0,2
7736,7736,0,168,0,0,655,169,0,0
7737,7737,0,168,0,0,655,169,0,0
7738,7738,0,168,0,0,655,169,0,0
7739,7739,0,168,0,0,655,169,0,2
7740,7740,0,168,0,0,655,169,0,2
7741,7741,0,168,0,0,655,169,0,2
7742,7742,0,168,0,0,655,169,0,7
7743,7743,0,168,0,0,655,169,0,7
7744,7744,0,168,0,0,655,169,0,7
7745,7745,0,168,0,0,655,169,0,2
7746,7746,0,168,0,0,655,169,0,2
7747,7747,0,168,0,0,655,169,0,2
7748,7748,0,168,0,0,655,169,0,2
7749,7749,0,168,0,0,655,169,0,6
7750,7750,0,168,0,0,655,169,0,6
7751,7751,0,168,0,0,655,169,0,6
7752,7752,0,168,0,0,655,169,0,2
7753,7753,0,168,0,0,655,169,0,2
7754,7754,0,168,0,0,655,169,0,2
7755,7755,0,168,0,0,655,169,0,2
7756,7756,0,168,0,0,655,169,0,0
7757,7757,0,168,0,0,655,169,0,0
7758,7758,0,168,0,0,655,169,0,0
7759,7759,0,168,0,0,655,169,0,2
7760,7760,0,168,0,0,655,169,0,2
7761,7761,0,168,0,0,655,169,0,2
7762,7762,0,168,0,0,655,169,0,7
7763,7763,0,168,0,0,655,169,0,7
7764,7764,0,168,0,0,655,169,0,7
7765,7765,0,168,0,0,655,169,0,2
7766,7766,0,168,0,0,655,169,0,2
7767,7767,0,168,0,0,655,169,0,2
7768,7768,0,168,0,0,655,169,0,2
7769,7769,0,168,0,0,655,169,0,6
7770,7770,0,168,0,0,655,169,0,6
7771,7771,0,168,0,0,655,169,0,6
7772,7772,0,168,0,0,655,169,0,2
7773,7773,0,168,0,0,655,169,0,2
7774,7774,0,168,0,0,655,169,0,2
7775,7775,0,168,0,0,655,169,0,2
7776,7776,0,168,0,0,655,169,0,0
7777,7777,0,168,0,0,655,169,0,0
7778,7778,0,168,0,0,655,169,0,0
7779,7779,0,168,0,0,655,169,0,2
7780,7780,0,168,0,0,655,169,0,2
7781,7781,0,168,0,0,655,169,0,2
7782,7782,0,168,0,0,655,169,0,7
7783,7783,0,168,0,0,655,169,0,7
7784,7784,0,168,0,0,655,169,0,7
7785,7785,0,168,0,0,655,169,0,2
7786,7786,0,168,0,0,655,169,0,2
7787,7787,0,168,0,0,655,169,0,2
7788,7788,0,168,0,0,655,169,0,2
7789,7789,0,168,0,0,655,169,0,6
7790,7790,0,168,0,0,655,169,0,6
7791,7791,0,168,0,0,655,169,0,6
7792,7792,0,168,0,0,655,169,0,2
7793,7793,0,168,0,0,655,169,0,2
7794,7794,0,168,0,0,655,169,0,2
7795,7795,0,168,0,0,655,169,0,2
7796,7796,0,168,0,0,655,169,0,0
7797,7797,0,168,0,0,655,169,0,0
7798,7798,0,168,0,0,655,169,0,0
7799,7799,0,168,0,0,655,169,0,2
7800,7800,0,168,0,0,655,169,0,2
7801,7801,0,168,0,0,655,169,0,2
7802,7802,0,168,0,0,655,169,0,7
7803,7803,0,168,0,0,655,169,0,7
7804,7804,0,168,0,0,655,169,0,7
7805,7805,0,168,0,0,655,169,0,2
7806,7806,0,168,0,0,655,169,0,2
7807,7807,0,168,0,0,655,169,0,2
7808,7808,0,168,0,0,655,169,0,2
7809,7809,0,168,0,0,655,169,0,6
7810,7810,0,168,0,0,655,169,0,6
7811,7811,0,168,0,0,655,169,0,6
7812,7812,0,168,0,0,655,169,0,2
7813,7813,0,168,0,0,655,169,0,2
7814,7814,0,168,0,0,655,169,0,2
7815,7815,0,168,0,0,655,169,0,2
7816,7816,0,168,0,0,655,169,0,0
7817,7817,0,168,0,0,655,169,0,0
7818,7818,0,168,0,0,655,169,0,0
7819,7819,0,168,0,0,655,169,0,2
7820,7820,0,168,0,0,655,169,0,2
7821,7821,0,168,0,0,655,169,0,2
7822,7822,0,168,0,0,655,169,0,7
7823,7823,0,168,0,0,655,169,0,7
7824,7824,0,168,0,0,655,169,0,7
7825,7825,0,168,0,0,655,169,0,2
7826,7826,0,168,0,0,655,169,0,2
7827,7827,0,168,0,0,655,169,0,2
7828,7828,0,168,0,0,655,169,0,2
7829,7829,0,168,0,0,655,169,0,6
7830,7830,0,168,0,0,655,169,0,6
7831,7831,0,168,0,0,655,169,0,6
7832,7832,0,168,0,0,655,169,0,2
7833,7833,0,168,0,0,655,169,0,2
7834,7834,0,168,0,0,655,169,0,2
7835,7835,0,168,0,0,655,169,0,2
7836,7836,0,168,0,0,655,169,0,0
7837,7837,0,168,0,0,655,169,0,0
7838,7838,0,168,0,0,655,169,0,0
7839,7839,0,168,0,0,655,169,0,2
7840,7840,0,168,0,0,655,169,0,2
7841,7841,0,168,0,0,655,169,0,2
7842,7842,0,168,0,0,655,169,0,7
7843,7843,0,168,0,0,655,169,0,7
7844,7844,0,168,0,0,655,169,0,7
7845,7845,0,168,0,0,655,169,0,2
7846,7846,0,168,0,0,655,169,0,2
7847,7847,0,168,0,0,655,169,0,2
7848,7848,0,168,0,0,655,169,0,2
7849,7849,0,168,0,0,655,169,0,6
7850,7850,0,168,0,0,655,169,0,6
7851,7851,0,168,0,0,655,169,0,6
7852,7852,0,168,0,0,655,169,0,2
7853,7853,0,168,0,0,655,169,0,2
7854,7854,0,168,0,0,655,169,0,2
7855,7855,0,168,0,0,655,169,0,2
7856,7856,0,168,0,0,655,169,0,0
7857,7857,0,168,0,0,655,169,0,0
7858,7858,0,168,0,0,655,169,0,0
7859,7859,0,168,0,0,655,169,0,2
7860,7860,0,168,0,0,655,169,0,2
7861,7861,0,168,0,0,655,169,0,2
7862,7862,0,168,0,0,655,169,0,7
7863,7863,0,168,0,0,655,169,0,7
7864,7864,0,168,0,0,655,169,0,7
7865,7865,0,168,0,0,655,169,0,2
7866,7866,0,168,0,0,655,169,0,2
7867,7867,0,168,0,0,655,169,0,2
7868,7868,0,168,0,0,655,169,0,2
7869,7869,0,168,0,0,655,169,0,6
7870,7870,0,168,0,0,655,169,0,6
7871,7871,0,168,0,0,655,169,0,6
7872,7872,0,168,0,0,655,169,0,2
7873,7873,0,168,0,0,655,169,0,2
7874,7874,0,168,0,0,655,169,0,2
7875,7875,0,168,0,0,655,169,0,2
7876,7876,0,168,0,0,655,169,0,0
7877,7877,0,168,0,0,655,169,0,0
7878,7878,0,168,0,0,655,169,0,0
7879,7879,0,168,0,0,655,169,0,2
7880,7880,0,168,0,0,655,169,0,2
7881,7881,0,168,0,0,655,169,0,2
7882,7882,0,168,0,0,655,169,0,7
7883,7883,0,168,0,0,655,169,0,7
7884,7884,0,168,0,0,655,169,0,7
7885,7885,0,168,0,0,655,169,0,2
7886,7886,0,168,0,0,655,169,0,2
7887,7887,0,168,0,0,655,169,0,2
7888,7888,0,168,0,0,655,169,0,2
7889,7889,0,168,0,0,655,169,0,6
7890,7890,0,168,0,0,655,169,0,6
7891,7891,0,168,0,0,655,169,0,6
7892,7892,0,168,0,0,655,169,0,2
7893,7893,0,168,0,0,655,169,0,2
7894,7894,0,168,0,0,655,169,0,2
7895,7895,0,168,0,0,655,169,0,2
7896,7896,0,168,0,0,655,169,0,0
7897,7897,0,168,0,0,655,169,0,0
7898,7898,0,168,0,0,655,169,0,0
7899,7899,0,168,0,0,655,169,0,2
7900,7900,0,168,0,0,655,169,0,2
7901,7901,0,168,0,0,655,169,0,2
7902,7902,0,168,0,0,655,169,0,7
7903,7903,0,168,0,0,655,169,0,7
7904,7904,0,168,0,0,655,169,0,7
7905,7905,0,168,0,0,655,169,0,2
7906,7906,0,168,0,0,655,169,0,2
7907,7907,0,168,0,0,655,169,0,2
7908,7908,0,168,0,0,655,169,0,2
7909,7909,0,168,0,0,655,169,0,6
7910,7910,0,168,0,0,655,169,0,6
7911,7911,0,168,0,0,655,169,0,6
7912,7912,0,168,0,0,655,169,0,2
7913,7913,0,168,0,0,655,169,0,2
7914,7914,0,168,0,0,655,169,0,2
7915,7915,0,168,0,0,655,169,0,2
7916,7916,0,168,0,0,655,169,0,0
7917,7917,0,168,0,0,655,169,0,0
7918,7918,0,168,0,0,655,169,0,0
7919,7919,0,168,0,0,655,169,0,2
7920,7920,0,168,0,0,655,169,0,2
7921,7921,0,168,0,0,655,169,0,2
7922,7922,0,168,0,0,655,169,0,7
7923,7923,0,168,0,0,655,169,0,7
7924,7924,0,168,0,0,655,169,0,7
7925,7925,0,168,0,0,655,169,0,2
7926,7926,0,168,0,0,655,169,0,2
7927,7927,0,168,0,0,655,169,0,2
7928,7928,0,168,0,0,655,169,0,2
7929,7929,0,168,0,0,655,169,0,6
7930,7930,0,168,0,0,655,169,0,6
7931,7931,0,168,0,0,655,169,0,6
7932,7932,0,168,0,0,655,169,0,2
7933,7933,0,168,0,0,655,169,0,2
7934,7934,0,168,0,0,655,169,0,2
7935,7935,0,168,0,0,655,169,0,2
7936,7936,0,168,0,0,655,169,0,0
7937,7937,0,168,0,0,655,169,0,0
7938,7938,0,168,0,0,655,169,0,0
7939,7939,0,168,0,0,655,169,0,2
7940,7940,0,168,0,0,655,169,0,2
7941,7941,0,168,0,0,655,169,0,2
7942,7942,0,168,0,0,655,169,0,7
7943,7943,0,168,0,0,655,169,0,7
7944,7944,0,168,0,0,655,169,0,7
7945,7945,0,168,0,0,655,169,0,2
7946,7946,0,168,0,0,655,169,0,2
7947,7947,0,168,0,0,655,169,0,2
7948,7948,0,168,0,0,655,169,0,2
7949,7949,0,168,0,0,655,169,0,6
7950,7950,0,168,0,0,655,169,0,6
7951,7951,0,168,0,0,655,169,0,6
7952,7952,0,168,0,0,655,169,0,2
7953,7953,0,168,0,0,655,169,0,2
7954,7954,0,168,0,0,655,169,0,2
7955,7955,0,168,0,0,655,169,0,2
7956,7956,0,168,0,0,655,169,0,0
7957,7957,0,168,0,0,655,169,0,0
7958,7958,0,168,0,0,655,169,0,0
7959,7959,0,168,0,0,655,169,0,2
7960,7960,0,168,0,0,655,169,0,2
7961,7961,0,168,0,0,655,169,0,2
7962,7962,0,168,0,0,655,169,0,7
7963,7963,0,168,0,0,655,169,0,7
7964,7964,0,168,0,0,655,169,0,7
7965,7965,0,168,0,0,655,169,0,2
7966,7966,0,168,0,0,655,169,0,2
7967,7967,0,168,0,0,655,169,0,2
7968,7968,0,168,0,0,655,169,0,2
7969,7969,0,168,0,0,655,169,0,6
7970,7970,0,168,0,0,655,169,0,6
7971,7971,0,168,0,0,655,169,0,6
7972,7972,0,168,0,0,655,169,0,2
7973,7973,0,168,0,0,655,169,0,2
7974,7974,0,168,0,0,655,169,0,2
7975,7975,0,168,0,0,655,169,0,2
7976,7976,0,168,0,0,655,169,0,0
7977,7977,0,168,0,0,655,169,0,0
7978,7978,0,168,0,0,655,169,0,0
7979,7979,0,168,0,0,655,169,0,2
7980,7980,0,168,0,0,655,169,0,2
7981,7981,0,168,0,0,655,169,0,2
7982,7982,0,168,0,0,655,169,0,7
7983,7983,0,168,0,0,655,169,0,7
7984,7984,0,168,0,0,655,169,0,7
7985,7985,0,168,0,0,655,169,0,2
7986,7986,0,168,0,0,655,169,0,2
7987,7987,0,168,0,0,655,169,0,2
7988,7988,0,168,0,0,655,169,0,2
7989,7989,0,168,0,0,655,169,0,6
7990,7990,0,168,0,0,655,169,0,6
7991,7991,0,168,0,0,655,169,0,6
7992,7992,0,168,0,0,655,169,0,2
7993,7993,0,168,0,0,655,169,0,2
7994,7994,0,168,0,0,655,169,0,2
7995,7995,0,168,0,0,655,169,0,2
7996,7996,0,168,0,0,655,169,0,0
7997,7997,0,168,0,0,655,169,0,0
7998,7998,0,168,0,0,655,169,0,0
7999,7999,0,168,0,0,655,169,0,2
8000,8000,0,168,0,0,655,169,0,2
8001,8001,0,168,0,0,655,169,0,2
8002,8002,0,168,0,0,655,169,0,7
8003,8003,0,168,0,0,655,169,0,7
8004,8004,0,168,0,0,655,169,0,7
8005,8005,0,168,0,0,655,169,0,2
8006,8006,0,168,0,0,655,169,0,2
8007,8007,0,168,0,0,655,169,0,2
8008,8008,0,168,0,0,655,169,0,2
8009,8009,0,168,0,0,655,169,0,6
8010,8010,0,168,0,0,655,169,0,6
8011,8011,0,168,0,0,655,169,0,6
8012,8012,0,168,0,0,655,169,0,2
8013,8013,0,168,0,0,655,169,0,2
8014,8014,0,168,0,0,655,169,0,2
8015,8015,0,168,0,0,655,169,0,2
8016,8016,0,168,0,0,655,169,0,0
8017,8017,0,168,0,0,655,169,0,0
8018,8018,0,168,0,0,655,169,0,0
8019,8019,0,168,0,0,655,169,0,2
8020,8020,0,168,0,0,655,169,0,2
8021,8021,0,168,0,0,655,169,0,2
8022,8022,0,168,0,0,655,169,0,7
8023,8023,0,168,0,0,655,169,0,7
8024,8024,0,168,0,0,655,169,0,7
8025,8025,0,168,0,0,655,169,0,2
8026,8026,0,168,0,0,655,169,0,2
8027,8027,0,168,0,0,655,169,0,2
8028,8028,0,168,0,0,655,169,0,2
8029,8029,0,168,0,0,655,169,0,6
8030,8030,0,168,0,0,655,169,0,6
8031,8031,0,168,0,0,655,169,0,6
8032,8032,0,168,0,0,655,169,0,2
8033,8033,0,168,0,0,655,169,0,2
8034,8034,0,168,0,0,655,169,0,2
8035,8035,0,168,0,0,655,169,0,2
8036,8036,0,168,0,0,655,169,0,0
8037,8037,0,168,0,0,655,169,0,0
8038,8038,0,168,0,0,655,169,0,0
8039,8039,0,168,0,0,655,169,0,2
8040,8040,0,168,0,0,655,169,0,2
8041,8041,0,168,0,0,655,169,0,2
8042,8042,0,168,0,0,655,169,0,7
8043,8043,0,168,0,0,655,169,0,7
8044,8044,0,168,0,0,655,169,0,7
8045,8045,0,168,0,0,655,169,0,2
8046,8046,0,168,0,0,655,169,0,2
8047,8047,0,168,0,0,655,169,0,2
8048,8048,0,168,0,0,655,169,0,2
8049,8049,0,168,0,0,655,169,0,6
8050,8050,0,168,0,0,655,169,0,6
8051,8051,0,168,0,0,655,169,0,6
8052,8052,0,168,0,0,655,169,0,2
8053,8053,0,168,0,0,655,169,0,2
8054,8054,0,168,0,0,655,169,0,2
8055,8055,0,168,0,0,655,169,0,2
8056,8056,0,168,0,0,655,169,0,0
8057,8057,0,168,0,0,655,169,0,0
8058,8058,0,168,0,0,655,169,0,0
8059,8059,0,168,0,0,655,169,0,2
8060,8060,0,168,0,0,655,169,0,2
8061,8061,0,168,0,0,655,169,0,2
8062,8062,0,168,0,0,655,169,0,7
8063,8063,0,168,0,0,655,169,0,7
8064,8064,0,168,0,0,655,169,0,7
8065,8065,0,168,0,0,655,169,0,2
8066,8066,0,168,0,0,655,169,0,2
8067,8067,0,168,0,0,655,169,0,2
8068,8068,0,168,0,0,655,169,0,2
8069,8069,0,168,0,0,655,169,0,6
8070,8070,0,168,0,0,655,169,0,6
8071,8071,0,168,0,0,655,169,0,6
8072,8072,0,168,0,0,655,169,0,2
8073,8073,0,168,0,0,655,169,0,2
8074,8074,0,168,0,0,655,169,0,2
8075,8075,0,168,0,0,655,169,0,2
8076,8076,0,168,0,0,655,169,0,0
8077,8077,0,168,0,0,655,169,0,0
8078,8078,0,168,0,0,655,169,0,0
8079,8079,0,168,0,0,655,169,0,2
8080,8080,0,168,0,0,655,169,0,2
8081,8081,0,168,0,0,655,169,0,2
8082,8082,0,168,0,0,655,169,0,7
8083,8083,0,168,0,0,655,169,0,7
8084,8084,0,168,0,0,655,169,0,7
8085,8085,0,168,0,0,655,169,0,2
8086,8086,0,168,0,0,655,169,0,2
8087,8087,0,168,0,0,655,169,0,2
8088,8088,0,168,0,0,655,169,0,2
8089,8089,0,168,0,0,655,169,0,6
8090,8090,0,168,0,0,655,169,0,6
8091,8091,0,168,0,0,655,169,0,6
8092,8092,0,168,0,0,655,169,0,2
8093,8093,0,168,0,0,655,169,0,2
8094,8094,0,168,0,0,655,169,0,2
8095,8095,0,168,0,0,655,169,0,2
8096,8096,0,168,0,0,655,169,0,0
8097,8097,0,168,0,0,655,169,0,0
8098,8098,0,168,0,0,655,169,0,0
8099,8099,0,168,0,0,655,169,0,2
8100,8100,0,168,0,0,655,169,0,2
8101,8101,0,168,0,0,655,169,0,2
8102,8102,0,168,0,0,655,169,0,7
8103,8103,0,168,0,0,655,169,0,7
8104,8104,0,168,0,0,655,169,0,7
8105,8105,0,168,0,0,655,169,0,2
8106,8106,0,168,0,0,655,169,0,2
8107,8107,0,168,0,0,655,169,0,2
8108,8108,0,168,0,0,655,169,0,2
8109,8109,0,168,0,0,655,169,0,6
8110,8110,0,168,0,0,655,169,0,6
8111,8111,0,168,0,0,655,169,0,6
8112,8112,0,168,0,0,655,169,0,2
8113,8113,0,168,0,0,655,169,0,2
8114,8114,0,168,0,0,655,169,0,2
8115,8115,0,168,0,0,655,169,0,2
8116,8116,0,168,0,0,655,169,0,0
8117,8117,0,168,0,0,655,169,0,0
8118,8118,0,168,0,0,655,169,0,0
8119,8119,0,168,0,0,655,169,0,2
8120,8120,0,168,0,0,655,169,0,2
8121,8121,0,168,0,0,655,169,0,2
8122,8122,0,168,0,0,655,169,0,7
8123,8123,0,168,0,0,655,169,0,7
8124,8124,0,168,0,0,655,169,0,7
8125,8125,0,168,0,0,655,169,0,2
8126,8126,0,168,0,0,655,169,0,2
8127,8127,0,168,0,0,655,169,0,2
8128,8128,0,168,0,0,655,169,0,2
8129,8129,0,168,0,0,655,169,0,6
8130,8130,0,168,0,0,655,169,0,6
8131,8131,0,168,0,0,655,169,0,6
8132,8132,0,168,0,0,655,169,0,2
8133,8133,0,168,0,0,655,169,0,2
8134,8134,0,168,0,0,655,169,0,2
8135,8135,0,168,0,0,655,169,0,2
8136,8136,0,168,0,0,655,169,0,0
8137,8137,0,168,0,0,655,169,0,0
8138,8138,0,168,0,0,655,169,0,0
8139,8139,0,168,0,0,655,169,0,2
8140,8140,0,168,0,0,655,169,0,2
8141,8141,0,168,0,0,655,169,0,2
8142,8142,0,168,0,0,655,169,0,7
8143,8143,0,168,0,0,655,169,0,7
8144,8144,0,168,0,0,655,169,0,7
8145,8145,0,168,0,0,655,169,0,2
8146,8146,0,168,0,0,655,169,0,2
8147,8147,0,168,0,0,655,169,0,2
8148,8148,0,168,0,0,655,169,0,2
8149,8149,0,168,0,0,655,169,0,6
8150,8150,0,168,0,0,655,169,0,6
8151,8151,0,168,0,0,655,169,0,6
8152,8152,0,168,0,0,655,169,0,2
8153,8153,0,168,0,0,655,169,0,2
8154,8154,0,168,0,0,655,169,0,2
8155,8155,0,168,0,0,655,169,0,2
8156,8156,0,168,0,0,655,169,0,0
8157,8157,0,168,0,0,655,169,0,0
8158,8158,0,168,0,0,655,169,0,0
8159,8159,0,168,0,0,655,169,0,2
8160,8160,0,168,0,0,655,169,0,2
8161,8161,0,168,0,0,655,169,0,2
8162,8162,0,168,0,0,655,169,0,7
8163,8163,0,168,0,0,655,169,0,7
8164,8164,0,168,0,0,655,169,0,7
8165,8165,0,168,0,0,655,169,0,2
8166,8166,0,168,0,0,655,169,0,2
8167,8167,0,168,0,0,655,169,0,2
8168,8168,0,168,0,0,655,169,0,2
8169,8169,0,168,0,0,655,169,0,6
8170,8170,0,168,0,0,655,169,0,6
8171,8171,0,168,0,0,655,169,0,6
8172,8172,0,168,0,0,655,169,0,2
8173,8173,0,168,0,0,655,169,0,2
8174,8174,0,168,0,0,655,169,0,2
8175,8175,0,168,0,0,655,169,0,2
8176,8176,0,168,0,0,655,169,0,0
8177,8177,0,168,0,0,655,169,0,0
8178,8178,0,168,0,0,655,169,0,0
8179,8179,0,168,0,0,655,169,0,2
8180,8180,0,168,0,0,655,169,0,2
8181,8181,0,168,0,0,655,169,0,2
8182,8182,0,168,0,0,655,169,0,7
8183,8183,0,168,0,0,655,169,0,7
8184,8184,0,168,0,0,655,169,0,7
8185,8185,0,168,0,0,655,169,0,2
8186,8186,0,168,0,0,655,169,0,2
8187,8187,0,168,0,0,655,169,0,2
8188,8188,0,168,0,0,655,169,0,2
8189,8189,0,168,0,0,655,169,0,6
8190,8190,0,168,0,0,655,169,0,6
8191,8191,0,168,0,0,655,169,0,6
